0, 1, 2, 3, 4, 5, 6, 7, 8, 9, 10, 11, 12, 13, 14, 15, 16, 17, 18, 19, 20, 21, 22, 23, 24, 25, 26, 27, 28, 29, 30, 31, 32, 33, 34, 35, 36, 37, 38, 39, 40, 41, 42, 43, 44, 45, 46, 47, 48, 49, 50, 51, 52, 53, 54, 55, 56, 57, 58, 59, 60, 61, 62, 63, 64, 65, 66, 67, 68, 69, 70, 71, 72, 73, 74, 75, 76, 77, 78, 79, 80, 81, 82, 83, 84, 85, 86, 87, 88, 89, 90, 91, 92, 93, 94, 95, 96, 97, 98, 99, 100
0, 0, 0, 0, 0, 1.23585, 4.38243, 6.92241, 12.3476, 14.4388, 19.4997, 21.2839, 26.211, 27.2507, 30.1589, 30.5773, 31.5679, 33.3793, 34.0921, 34.25, 35.6734, 34.6245, 36.0604, 35.5571, 35.8117, 35.7763, 36.0378, 34.8878, 37.42, 35.5888, 35.6092, 34.788, 35.9195, 35.7165, 35.1965, 34.9834, 34.7606, 34.9362, 34.1361, 34.8068, 33.2669, 33.0877, 32.5401, 33.1037, 32.1831, 29.9593, 30.8595, 30.3099, 30.386, 29.2146, 30.3354, 29.8933, 29.0998, 27.8573, 27.9812, 27.9131, 26.8434, 26.7339, 27.1383, 26.0171, 25.6781, 25.526, 24.5327, 24.3648, 24.113, 23.5861, 23.1229, 23.1363, 22.2872, 22.4691, 22.9572, 20.4874, 21.2102, 20.5033, 19.2757, 19.1317, 19.5161, 19.4738, 18.1818, 18.1008, 17.8027, 17.4926, 16.5277, 16.9838, 16.6792, 16.3233, 16.2003, 16.4614, 16.2691, 14.6404, 14.8852, 14.9744, 14.4706, 14.8184, 14.5669, 14.9955, 14.269, 14.9287, 14.6818, 13.4304, 13.8385, 14.7527
1, 0, 0, 0, 0, 1.12441, 3.84132, 7.87299, 11.3051, 16.438, 19.5384, 22.4393, 25.4276, 28.7209, 31.1653, 31.4553, 32.2447, 34.1238, 35.1105, 35.3654, 36.6063, 36.1316, 36.5809, 36.3611, 35.9353, 35.816, 36.6574, 37.017, 35.9827, 36.4049, 36.3962, 36.2451, 35.7079, 35.7792, 35.7183, 36.1076, 34.2285, 34.747, 33.9333, 34.0458, 34.0653, 32.7963, 32.9174, 33.4147, 33.3145, 31.2218, 31.177, 31.7164, 30.5711, 31.1788, 30.1302, 28.6998, 29.4803, 29.0068, 28.992, 27.8424, 27.428, 27.4106, 26.6009, 25.9809, 25.6934, 26.0908, 24.9185, 24.3572, 23.4539, 22.7358, 22.4328, 22.7046, 22.4986, 21.8192, 21.6084, 19.7359, 20.7402, 19.4556, 19.5998, 19.8123, 18.911, 19.2943, 18.372, 18.784, 18.5281, 17.4224, 17.5835, 17.6902, 16.2932, 16.0008, 15.7857, 16.413, 15.7384, 15.718, 15.3364, 16.6033, 15.0003, 15.6886, 14.7998, 14.5287, 14.584, 14.371, 14.2406, 14.6091, 15.2114, 0
2, 0, 0, 0, 0, 1.28123, 3.57756, 7.33332, 11.624, 15.2616, 19.323, 23.1181, 26.0763, 29.0178, 31.0574, 31.4143, 33.6484, 33.8816, 33.9698, 35.4921, 35.1751, 36.1824, 36.6593, 36.1798, 37.1678, 36.1077, 36.2715, 35.9684, 36.7473, 35.5614, 36.2098, 36.405, 35.3504, 35.2229, 36.1417, 34.8312, 33.7229, 34.2695, 34.1297, 34.8252, 33.4054, 34.4958, 33.4703, 31.5559, 32.1324, 31.1018, 31.237, 30.0242, 31.3069, 30.0882, 29.874, 30.3829, 28.9306, 28.5331, 27.7595, 28.858, 27.3932, 28.3114, 26.1543, 25.9553, 24.7195, 25.4254, 23.9775, 24.8971, 24.0367, 23.1913, 22.4423, 22.7473, 22.0653, 21.9921, 21.4473, 21.3301, 21.0894, 20.3637, 19.5368, 19.4353, 19.0155, 18.7667, 18.0815, 18.3571, 18.566, 16.7462, 17.8328, 17.0506, 16.9953, 17.1051, 15.4191, 15.8983, 14.8041, 15.915, 15.2484, 14.7202, 14.8701, 14.2091, 15.2889, 14.8477, 15.2435, 14.2353, 14.415, 14.0712, 0, 0
3, 0, 0, 0, 0, 1.14683, 3.74292, 7.72375, 11.7889, 15.2741, 19.3117, 23.6987, 26.2275, 28.5361, 29.7334, 31.85, 32.3133, 33.7726, 34.0388, 35.0819, 35.1753, 35.5011, 35.6448, 36.6065, 36.3192, 36.6304, 36.7366, 36.876, 36.3398, 35.854, 36.0724, 34.9318, 35.8582, 36.3405, 35.8653, 34.4851, 34.4275, 34.4658, 33.8607, 34.0154, 33.9188, 32.5012, 33.0413, 32.5043, 31.8277, 31.9285, 31.1187, 30.7457, 31.1212, 30.4493, 29.409, 29.6178, 28.0844, 28.3508, 28.1459, 28.4585, 26.8237, 26.8395, 26.9333, 25.4427, 25.08, 25.6464, 23.8335, 23.7827, 23.3426, 23.3598, 22.4802, 22.4801, 22.1171, 21.3544, 21.6043, 20.5599, 19.8983, 20.2314, 19.4501, 19.7727, 18.7014, 18.8179, 18.0229, 17.8203, 17.4532, 17.1397, 16.6471, 15.8834, 16.4357, 16.2335, 15.5399, 15.5008, 15.9825, 15.6061, 15.5397, 14.3729, 15.0522, 14.7935, 13.6709, 14.8882, 14.3301, 14.0796, 14.5603, 0, 0, 0
4, 0, 0, 0, 0, 1.2166, 3.18579, 7.28884, 11.2001, 16.0742, 19.2346, 22.4913, 25.0801, 27.067, 29.285, 31.0335, 32.1188, 33.7487, 33.6169, 34.238, 34.8308, 36.2369, 35.8945, 36.4749, 35.3725, 35.5498, 34.7337, 35.6108, 35.4352, 36.176, 34.6164, 35.2338, 35.0695, 34.0952, 33.9012, 33.5601, 34.3791, 34.0351, 33.5676, 33.3717, 32.9853, 31.5607, 32.2167, 31.4217, 30.9757, 30.4812, 31.0567, 29.9124, 29.2713, 29.5936, 29.4973, 27.5927, 28.413, 27.9267, 27.5007, 26.7486, 26.6348, 26.3676, 25.4469, 24.899, 24.2764, 24.333, 24.2719, 23.3047, 23.5504, 22.8751, 22.0599, 21.0669, 21.5504, 20.507, 20.5693, 20.9002, 20.6338, 19.8661, 20.1426, 19.0391, 18.2589, 18.1862, 17.8976, 17.8202, 16.8462, 16.8302, 16.7647, 16.7972, 16.3644, 17.2863, 15.7968, 15.5941, 15.026, 15.3706, 15.1296, 15.0099, 14.6407, 14.7359, 14.9669, 14.5124, 14.5131, 14.5578, 0, 0, 0, 0
5, 0, 0, 0, 0, 1.13771, 3.26676, 7.00582, 11.3018, 15.1912, 18.6931, 22.8022, 25.3238, 28.0453, 29.5909, 31.0004, 32.2791, 32.8569, 33.895, 34.3849, 34.5375, 33.7979, 34.8695, 36.2209, 35.3378, 35.3412, 35.343, 34.4466, 35.5324, 35.0355, 34.2818, 35.4403, 34.0275, 34.4287, 34.0086, 33.2702, 33.63, 33.5259, 32.9262, 32.5877, 32.8079, 31.464, 31.3838, 31.1766, 31.1435, 30.2649, 29.9811, 29.8368, 28.348, 28.6285, 28.6446, 27.4882, 28.0409, 26.8235, 26.9991, 25.8691, 26.3787, 25.3152, 25.0491, 24.9246, 24.1327, 23.9348, 23.4652, 23.1978, 22.4767, 22.2328, 21.0738, 21.6787, 20.7177, 20.0028, 20.6473, 19.6786, 19.1886, 19.0011, 18.5857, 18.5684, 18.1914, 17.9535, 17.5964, 17.4066, 16.6185, 16.8854, 16.6622, 16.4212, 15.1992, 15.4062, 15.555, 15.3485, 15.5927, 14.8964, 14.9136, 14.6894, 15.1633, 14.0085, 14.4734, 14.1894, 14.2008, 0, 0, 0, 0, 0
6, 0, 0, 0, 0, 1.29366, 3.50742, 7.47365, 11.1212, 15.1054, 18.8574, 21.9094, 24.1759, 25.8188, 28.0579, 30.9054, 30.2357, 32.2108, 33.5326, 33.812, 34.149, 34.2475, 34.8468, 34.1288, 33.9642, 34.0307, 34.6101, 34.0566, 34.0145, 34.4098, 34.1933, 33.2172, 33.6336, 33.4314, 33.5009, 32.8027, 31.9428, 32.4888, 32.3373, 31.995, 30.5998, 31.5986, 31.5774, 30.3843, 29.7753, 29.6551, 28.9338, 28.9825, 28.5804, 28.8326, 27.7782, 27.4922, 27.5999, 27.4892, 26.3177, 25.515, 25.1874, 24.9236, 24.2472, 24.3301, 23.6161, 24.1522, 22.748, 22.5181, 21.9295, 21.8779, 21.3517, 20.6941, 20.8653, 20.4215, 19.6318, 19.4633, 18.1318, 19.2845, 18.9145, 18.305, 17.9149, 18.0392, 17.2546, 17.3097, 16.3164, 16.3634, 16.1387, 15.8466, 15.6282, 15.7899, 15.2635, 15.1253, 14.9288, 15.2107, 15.1602, 14.1322, 14.6753, 14.6168, 14.7066, 14.3181, 0, 0, 0, 0, 0, 0
7, 0, 0, 0, 0, 1.3277, 3.33873, 6.88182, 10.2157, 14.5828, 18.1084, 21.5968, 24.2183, 25.697, 28.1947, 28.979, 30.6357, 30.8752, 31.9731, 32.429, 32.7534, 32.7331, 34.0719, 34.0849, 33.8778, 33.4529, 33.7262, 34.9395, 33.9668, 33.3041, 32.8792, 32.9431, 32.6157, 31.5907, 32.1467, 31.8914, 31.5707, 31.8381, 31.3733, 30.6155, 30.8379, 30.1394, 30.1102, 29.7571, 28.767, 28.9096, 28.4808, 28.6384, 27.1406, 28.2093, 27.1168, 27.3544, 26.8469, 25.916, 25.4853, 25.8884, 24.6151, 24.5906, 24.2689, 24.0177, 22.9362, 23.0918, 21.8417, 21.6244, 22.4146, 20.6705, 20.8401, 20.3356, 19.5601, 19.3125, 20.0575, 18.8133, 18.5304, 18.4856, 17.7051, 18.0378, 17.0604, 17.2562, 16.4695, 17.0083, 15.9487, 15.8159, 15.8578, 15.3837, 15.5736, 15.5423, 14.6603, 14.6415, 15.0028, 14.7398, 14.0682, 14.1806, 14.2181, 14.235, 13.896, 0, 0, 0, 0, 0, 0, 0
8, 0, 0, 0, 0, 1.05156, 3.36664, 6.65904, 10.658, 14.0802, 17.6886, 21.3687, 23.9843, 25.7363, 27.7409, 29.3082, 29.8508, 30.4894, 31.0828, 32.1097, 31.9144, 33.3055, 32.9835, 33.4924, 32.8245, 32.7894, 33.5408, 33.8077, 32.9642, 32.7976, 32.6853, 31.4485, 32.4554, 31.7666, 31.6097, 31.5239, 31.456, 30.5899, 30.7583, 30.1101, 30.3866, 29.5252, 29.2319, 29.4103, 27.9337, 28.022, 27.9655, 27.5138, 26.8308, 27.0512, 26.3701, 26.0449, 26.0269, 25.4515, 25.0491, 25.051, 24.0236, 24.0461, 23.0612, 22.9845, 22.2381, 22.3271, 22.2871, 21.4596, 20.9119, 21.1063, 20.0209, 19.9611, 19.9413, 19.4341, 19.3685, 18.6603, 18.358, 17.5738, 17.5508, 16.7785, 17.0563, 16.3264, 16.091, 16.2816, 15.5873, 15.6211, 15.2121, 15.4228, 14.7336, 14.9817, 14.8828, 14.6248, 14.408, 14.6012, 14.2736, 13.8757, 13.849, 14.1943, 0, 0, 0, 0, 0, 0, 0, 0
9, 0, 0, 0, 0, 0.968001, 3.45783, 6.27149, 10.1698, 14.2064, 17.51, 20.3107, 23.115, 25.6754, 26.9521, 28.51, 29.504, 30.2879, 30.9872, 31.1483, 32.0449, 32.1766, 32.2785, 32.7957, 31.9561, 32.6312, 31.9438, 32.2053, 31.7975, 32.2582, 31.3176, 31.7567, 31.092, 31.0123, 31.1949, 30.4249, 30.6611, 30.5412, 29.1467, 29.9474, 29.7475, 28.3843, 28.8825, 28.5177, 28.2403, 27.804, 27.5645, 26.7224, 26.76, 26.3616, 26.4853, 25.1037, 24.5398, 25.1125, 24.7891, 24.6241, 23.2583, 23.2383, 22.9692, 22.197, 22.2687, 21.3324, 21.1714, 20.816, 20.5729, 20.1439, 20.4731, 19.4334, 18.7283, 18.8921, 18.3051, 18.1464, 18.4782, 17.4697, 17.1854, 17.2095, 16.7411, 16.335, 15.8536, 15.3663, 15.4087, 15.5642, 15.2053, 14.6476, 14.3561, 14.3182, 14.603, 14.0157, 14.2432, 14.2376, 14.3417, 13.8027, 15.0562, 0, 0, 0, 0, 0, 0, 0, 0, 0
10, 0, 0, 0, 0, 1.16888, 3.32199, 6.40348, 10.0912, 13.7618, 17.2219, 20.4995, 22.2379, 24.7361, 26.2465, 27.646, 28.8517, 29.6681, 30.5208, 30.6833, 31.7497, 31.4494, 31.6096, 31.4678, 31.4849, 31.2561, 31.0289, 31.4219, 31.3634, 31.0247, 31.527, 30.6613, 29.9443, 30.7961, 30.2616, 30.0853, 29.4569, 29.2679, 29.705, 29.1803, 28.5655, 27.9061, 27.5951, 27.733, 26.8273, 27.6385, 26.6891, 26.0455, 25.8677, 25.6985, 25.5262, 25.1422, 24.8764, 23.9761, 23.2451, 23.9206, 22.7165, 23.0519, 22.0464, 21.7257, 21.5577, 20.7258, 21.1664, 20.5936, 20.0527, 19.7445, 19.198, 19.2031, 18.8217, 18.8363, 17.7525, 17.5335, 17.2758, 17.5289, 16.7783, 16.8179, 16.6713, 16.2859, 16.2642, 15.3136, 15.496, 14.96, 14.2669, 14.9093, 14.4215, 14.2935, 14.1445, 14.0933, 14.1483, 13.9423, 13.7278, 14.5359, 0, 0, 0, 0, 0, 0, 0, 0, 0, 0
11, 0, 0, 0, 0, 0.957901, 3.33272, 6.4189, 9.72695, 13.8222, 16.8227, 19.8305, 22.1072, 24.6357, 26.1555, 27.4157, 28.4933, 29.4012, 29.656, 30.2508, 30.2692, 30.485, 30.5562, 31.1401, 30.615, 30.6244, 30.454, 30.7214, 30.4215, 30.2608, 30.158, 30.0291, 30.7078, 29.4497, 29.6721, 29.293, 28.7675, 28.1125, 28.4839, 28.7219, 27.6137, 28.2238, 27.0371, 27.4032, 26.1925, 26.2852, 26.6297, 25.8045, 25.0594, 24.8001, 24.385, 24.8496, 23.5155, 23.9673, 23.4785, 22.943, 22.5469, 22.0896, 22.0976, 21.7299, 20.9398, 20.824, 20.3734, 20.2494, 19.7849, 19.3692, 19.1405, 18.428, 18.2347, 17.6641, 17.2666, 17.0684, 17.1981, 16.5276, 16.5948, 16.1658, 15.9332, 15.3787, 15.2856, 15.3604, 14.8437, 14.5735, 14.4973, 14.717, 14.2741, 13.938, 14.0255, 13.6539, 13.7454, 13.6543, 13.5121, 0, 0, 0, 0, 0, 0, 0, 0, 0, 0, 0
12, 0, 0, 0, 0, 0.858559, 2.95003, 6.08198, 9.54872, 13.3, 16.4546, 19.0005, 22.0078, 23.8802, 25.5196, 26.5495, 26.8007, 27.9165, 28.7167, 29.4066, 29.3773, 29.7392, 30.1877, 30.0241, 29.9687, 29.9232, 30.0889, 30.2277, 29.7755, 30.0752, 29.2679, 29.3313, 29.1051, 28.7096, 29.2742, 28.9032, 28.0978, 28.1178, 27.7063, 27.5416, 27.7121, 26.7124, 27.0024, 26.4305, 26.0545, 25.3317, 25.1859, 25.1353, 24.7577, 24.3751, 24.1545, 23.7691, 23.284, 23.3422, 22.8567, 22.5126, 22.0816, 21.7276, 21.2824, 21.2758, 20.4387, 20.1845, 20.1353, 19.5072, 18.9114, 18.5244, 18.3997, 18.4458, 17.9998, 17.5455, 17.3099, 16.9738, 16.5193, 16.1245, 16.3241, 15.4044, 15.6509, 15.2229, 14.8596, 14.9714, 14.4535, 14.4288, 14.0196, 13.975, 14.3162, 14.0265, 13.6709, 13.7721, 13.7597, 13.8383, 0, 0, 0, 0, 0, 0, 0, 0, 0, 0, 0, 0
13, 0, 0, 0, 0, 0.817062, 3.15061, 5.85739, 9.55086, 12.7049, 15.81, 19.1386, 21.506, 23.3186, 24.7513, 25.7398, 26.8555, 27.8582, 27.9892, 28.3913, 29.0225, 29.4694, 28.9443, 29.4589, 29.4239, 29.8635, 29.2403, 29.304, 29.1315, 29.4709, 28.6238, 28.4669, 28.6764, 28.3704, 28.2796, 27.8637, 27.7436, 27.6183, 27.0682, 26.4416, 26.8525, 26.3814, 26.3188, 25.3753, 25.134, 25.2965, 24.7334, 24.6387, 24.4321, 23.7942, 23.5887, 22.9647, 22.1838, 22.7473, 21.8718, 21.7629, 21.8818, 20.8699, 20.9878, 20.3569, 20.3762, 19.8962, 18.9504, 19.333, 18.4792, 18.363, 18.0455, 17.2394, 17.3945, 17.291, 16.9887, 16.4663, 16.1052, 16.0354, 16.2201, 15.414, 15.0117, 15.0531, 14.6567, 14.462, 14.4284, 13.9127, 13.8795, 13.7564, 13.6379, 13.3183, 13.7926, 13.6581, 13.5085, 0, 0, 0, 0, 0, 0, 0, 0, 0, 0, 0, 0, 0
14, 0, 0, 0, 0, 0.940075, 3.02248, 5.90063, 9.36889, 12.3958, 15.7354, 18.5432, 20.7632, 22.4307, 24.3095, 24.9873, 26.9597, 26.8409, 27.8729, 28.1682, 28.3223, 28.7342, 28.643, 29.4381, 28.6235, 28.6645, 28.5564, 28.8718, 28.4514, 28.5688, 28.3811, 27.7573, 28.3887, 27.6245, 27.3247, 27.2511, 27.0858, 27.0078, 26.2269, 26.464, 26.2118, 25.7526, 26.0409, 25.4242, 24.4778, 24.3184, 23.5568, 24.0864, 23.6428, 23.4595, 22.8906, 22.4566, 21.9813, 22.0245, 21.3626, 20.6405, 20.9663, 20.6328, 20.0079, 19.9087, 19.9912, 19.1314, 18.5814, 18.4056, 18.3428, 17.8211, 18.1765, 16.9249, 17.2906, 16.8699, 16.2508, 15.91, 16.0637, 15.5488, 15.6061, 15.2429, 14.8065, 14.5493, 14.1774, 14.0915, 14.1866, 14.1539, 13.8075, 14.0346, 13.8288, 13.9229, 13.9496, 13.4422, 0, 0, 0, 0, 0, 0, 0, 0, 0, 0, 0, 0, 0, 0
15, 0, 0, 0, 0, 0.897186, 2.88202, 6.01316, 9.27682, 12.1105, 15.2656, 18.3096, 20.3863, 22.7958, 23.5917, 24.6043, 26.2092, 26.9075, 26.8518, 27.7569, 27.227, 27.71, 28.3359, 28.5697, 28.1745, 28.4024, 28.3428, 27.7788, 28.1033, 27.6752, 27.5897, 27.1315, 27.4203, 26.9641, 27.0112, 26.0537, 26.6324, 26.5498, 26.2916, 25.7836, 25.161, 25.6953, 24.8034, 24.7873, 24.1783, 23.9617, 23.874, 23.0552, 23.2494, 22.4279, 22.3206, 22.062, 22.1965, 21.3829, 20.8502, 21.0434, 20.1344, 20.4153, 19.6468, 19.227, 18.9168, 18.4375, 18.2522, 18.0004, 17.8503, 17.7118, 17.1566, 16.2339, 16.5165, 16.2929, 16.163, 15.3487, 16.1524, 15.3091, 14.5108, 14.7694, 14.4297, 14.7209, 14.0445, 14.4142, 13.5097, 13.5641, 13.4229, 13.764, 13.1214, 13.6649, 13.6511, 0, 0, 0, 0, 0, 0, 0, 0, 0, 0, 0, 0, 0, 0, 0
16, 0, 0, 0, 0, 0.833925, 2.7947, 5.87885, 8.74984, 12.1872, 15.0306, 17.6099, 20.0247, 21.5226, 23.3922, 24.1813, 25.6289, 26.0598, 26.6457, 26.9354, 27.2363, 27.8042, 27.1771, 27.5449, 27.4118, 27.394, 27.3284, 27.4665, 27.1283, 27.0628, 27.385, 27.2274, 26.6607, 26.2576, 26.1697, 26.0806, 25.9686, 25.4668, 24.9106, 25.1564, 25.0744, 24.8314, 24.3869, 24.3722, 23.4593, 23.116, 23.295, 23.3585, 22.6635, 22.6824, 21.9426, 21.7714, 21.2541, 20.6152, 20.5816, 20.2428, 19.6179, 19.6298, 19.3051, 18.7556, 18.3663, 18.6211, 18.4472, 17.9183, 17.4525, 17.0901, 16.7831, 16.748, 16.1682, 16.5072, 15.7797, 15.4878, 15.4851, 15.1578, 14.8231, 15.0934, 14.1969, 13.9031, 13.7441, 13.6996, 14.012, 13.6627, 13.4678, 13.4157, 13.6221, 13.3369, 0, 0, 0, 0, 0, 0, 0, 0, 0, 0, 0, 0, 0, 0, 0, 0
17, 0, 0, 0, 0, 0.939276, 2.87228, 5.49233, 8.81814, 11.8667, 14.6264, 17.2806, 19.6124, 21.4716, 22.321, 24.4693, 24.7201, 25.706, 26.1154, 26.7892, 26.5606, 26.6277, 27.0495, 26.907, 26.8869, 27.2908, 27.248, 26.9123, 27.0133, 26.8192, 26.346, 26.3303, 26.1333, 26.3399, 25.6146, 25.6053, 25.0065, 25.3008, 24.8202, 24.2338, 24.1205, 24.0327, 23.7819, 23.2618, 22.9866, 22.9808, 23.0167, 22.1167, 21.8345, 21.3836, 21.6168, 21.5078, 20.9319, 19.9181, 19.808, 19.8638, 19.8187, 19.4146, 18.7907, 18.5514, 18.2072, 17.7876, 17.8611, 17.2544, 16.901, 16.6964, 16.2555, 15.9721, 16.108, 15.2668, 15.3343, 15.0838, 14.4629, 14.3792, 14.5823, 14.1739, 14.1706, 13.7862, 13.8906, 13.7339, 13.0411, 13.224, 13.3744, 13.3957, 13.3168, 0, 0, 0, 0, 0, 0, 0, 0, 0, 0, 0, 0, 0, 0, 0, 0, 0
18, 0, 0, 0, 0, 0.938518, 2.89846, 5.49814, 8.57506, 11.5263, 14.5815, 17.0282, 19.3508, 20.6795, 22.3173, 23.6153, 24.0467, 25.2725, 25.3043, 25.9969, 25.9705, 26.5105, 26.582, 26.187, 26.5162, 26.4381, 25.9794, 26.2029, 25.9482, 25.4218, 26.0791, 25.6025, 26.0275, 25.0773, 25.281, 24.8179, 24.7289, 24.4757, 24.2093, 24.0366, 23.8081, 23.1898, 23.1701, 23.1056, 22.5383, 22.5038, 22.1916, 21.4736, 21.2962, 21.2145, 20.9669, 20.4486, 20.7319, 19.5131, 19.6152, 19.5641, 18.4713, 18.8618, 18.8406, 18.1734, 17.7665, 17.6863, 17.1146, 17.2896, 16.3918, 15.9187, 16.3807, 15.4905, 15.7588, 15.189, 15.1987, 14.8211, 14.6466, 14.4851, 14.309, 13.8985, 13.4843, 13.4107, 13.6342, 13.3697, 13.5585, 13.4571, 13.3431, 13.1839, 0, 0, 0, 0, 0, 0, 0, 0, 0, 0, 0, 0, 0, 0, 0, 0, 0, 0
19, 0, 0, 0, 0, 0.820496, 2.75141, 5.20938, 8.76054, 11.4401, 14.0425, 16.7788, 19.1007, 20.5025, 21.9859, 22.8425, 23.7826, 24.4, 24.9466, 25.3245, 25.863, 26.0208, 25.681, 26.3263, 25.601, 25.8063, 25.8453, 25.5247, 25.9734, 25.4203, 25.4472, 25.1089, 25.2205, 24.8835, 24.8638, 23.8014, 24.2883, 23.793, 23.2734, 24.1399, 23.522, 23.2061, 22.8758, 22.6018, 21.9229, 21.9499, 21.6988, 21.1655, 21.2327, 20.8097, 20.6149, 20.3219, 19.6897, 19.6922, 19.0944, 19.0593, 18.8028, 17.879, 17.675, 17.8339, 17.5583, 16.6458, 16.7891, 16.4695, 15.8041, 15.649, 15.5062, 15.452, 15.5558, 15.1119, 14.4241, 14.4561, 14.046, 14.1442, 13.6995, 13.811, 13.3893, 13.5513, 13.2556, 13.183, 13.0156, 13.2435, 13.2539, 0, 0, 0, 0, 0, 0, 0, 0, 0, 0, 0, 0, 0, 0, 0, 0, 0, 0, 0
20, 0, 0, 0, 0, 0.910265, 2.70621, 5.38151, 8.05084, 10.8899, 13.6822, 16.5728, 18.2821, 20.1886, 21.0502, 22.2703, 23.6394, 23.5724, 24.1166, 24.7223, 25.1143, 25.3462, 25.4081, 25.2323, 25.7519, 25.8103, 25.1949, 25.2679, 25.0645, 24.6763, 24.4351, 24.6936, 24.3918, 24.5611, 24.0407, 24.3879, 23.8668, 23.5825, 23.4632, 22.955, 22.5918, 22.5517, 22.2422, 21.6295, 21.6311, 21.31, 21.4918, 20.5071, 20.5129, 20.479, 19.9355, 19.7979, 19.6311, 19.3977, 18.8134, 19.1554, 18.0186, 17.9251, 17.5258, 17.6421, 17.4228, 17.1138, 16.4653, 16.5318, 15.6949, 15.7655, 15.7495, 15.0296, 14.8633, 14.8077, 14.6728, 14.2459, 14.1155, 13.8966, 13.5283, 13.3318, 13.3187, 13.2993, 13.1247, 13.1839, 12.6804, 12.9245, 0, 0, 0, 0, 0, 0, 0, 0, 0, 0, 0, 0, 0, 0, 0, 0, 0, 0, 0, 0
21, 0, 0, 0, 0, 0.74676, 2.65397, 5.23247, 7.9811, 10.7951, 13.9849, 15.846, 17.8332, 19.4119, 20.8704, 22.1464, 22.8193, 23.6156, 23.6672, 24.0229, 24.1962, 24.7105, 24.7042, 24.5267, 24.5755, 24.9327, 24.5188, 24.6362, 24.4932, 24.4358, 24.2196, 24.1167, 23.7715, 23.7613, 23.5184, 23.2096, 23.6296, 23.0898, 22.663, 22.3119, 22.6506, 21.753, 21.6087, 21.4102, 21.7542, 21.0102, 20.8739, 20.4272, 20.2287, 20.0015, 19.4159, 19.1438, 19.0752, 18.7247, 18.4658, 17.768, 18.0073, 17.5756, 17.0076, 17.2261, 16.5343, 16.5613, 16.1688, 15.9952, 15.9899, 15.3299, 14.8923, 14.7286, 14.2223, 14.1808, 13.7308, 14.1783, 13.7529, 13.701, 13.4701, 13.343, 13.3809, 12.7969, 13.2123, 13.14, 13.149, 0, 0, 0, 0, 0, 0, 0, 0, 0, 0, 0, 0, 0, 0, 0, 0, 0, 0, 0, 0, 0
22, 0, 0, 0, 0, 0.705924, 2.68442, 5.08963, 7.88234, 10.9433, 13.6999, 15.4088, 17.729, 19.5153, 20.7315, 21.5054, 22.2877, 22.4668, 23.3006, 23.6391, 23.8745, 24.1633, 24.0992, 23.9859, 24.2182, 24.4402, 24.3587, 24.083, 24.373, 23.8769, 23.9475, 23.6376, 23.1935, 23.3253, 22.9659, 23.0459, 22.3817, 22.1028, 22.3141, 21.9223, 21.9513, 21.2348, 20.9152, 21.2328, 20.8682, 20.6535, 20.1588, 19.9706, 19.9388, 19.4903, 19.2279, 18.9193, 18.8623, 18.2827, 18.2889, 17.8972, 17.2123, 17.0985, 16.789, 16.4573, 16.2212, 16.1489, 15.9987, 15.5804, 14.9286, 14.9704, 14.5404, 14.2377, 14.4618, 14.1137, 14.1491, 13.9452, 13.8668, 13.4712, 13.1716, 12.9477, 12.8294, 12.7539, 13.0732, 12.9212, 0, 0, 0, 0, 0, 0, 0, 0, 0, 0, 0, 0, 0, 0, 0, 0, 0, 0, 0, 0, 0, 0
23, 0, 0, 0, 0, 0.805072, 2.53036, 4.82779, 7.68214, 10.5065, 13.1452, 15.466, 17.4684, 19.55, 19.8795, 21.1059, 22.1433, 22.2248, 23.1402, 23.5915, 23.3791, 23.9456, 23.6692, 23.6757, 23.9314, 23.2951, 23.5901, 23.7575, 23.5775, 22.8666, 23.2634, 23.0672, 23.268, 22.7684, 22.7229, 22.3514, 22.3141, 22.1436, 21.8592, 21.7387, 21.2336, 21.2334, 20.5759, 20.4517, 20.0277, 20.8011, 19.8916, 19.5495, 19.2785, 18.7604, 18.4157, 18.4229, 18.0632, 18.0707, 17.7771, 17.3872, 17.1317, 17.0725, 16.6202, 16.4156, 15.6542, 15.6498, 15.3913, 14.8802, 15.0133, 14.7584, 14.7233, 14.1071, 13.8017, 13.6318, 13.6965, 13.6444, 13.1133, 12.989, 13.1341, 12.9188, 12.9324, 12.9398, 12.8074, 0, 0, 0, 0, 0, 0, 0, 0, 0, 0, 0, 0, 0, 0, 0, 0, 0, 0, 0, 0, 0, 0, 0
24, 0, 0, 0, 0, 0.799991, 2.52776, 4.82986, 7.5011, 10.2525, 12.9137, 15.033, 16.9576, 18.3141, 19.6475, 20.879, 21.5188, 22.2033, 22.4143, 22.8541, 23.2724, 23.484, 23.2206, 23.4251, 23.487, 23.2425, 23.562, 23.3184, 23.3569, 23.2356, 22.9631, 22.7029, 22.5374, 22.3634, 22.3882, 22.0556, 21.6637, 21.4674, 21.0942, 20.926, 21.0498, 20.3348, 20.1094, 20.1115, 19.6947, 19.8121, 19.336, 19.561, 18.9453, 18.5506, 18.4777, 17.9548, 17.8785, 17.73, 17.4195, 17.2164, 16.7883, 16.6858, 16.4905, 15.9928, 15.6673, 15.8993, 14.9803, 14.4582, 15.01, 14.3395, 14.5415, 13.727, 13.7324, 13.7494, 13.1343, 13.4582, 12.8966, 12.7912, 13.1615, 12.6104, 12.8348, 13.213, 0, 0, 0, 0, 0, 0, 0, 0, 0, 0, 0, 0, 0, 0, 0, 0, 0, 0, 0, 0, 0, 0, 0, 0
25, 0, 0, 0, 0, 0.726516, 2.64053, 5.26443, 7.72022, 10.3038, 12.6519, 14.9769, 16.6148, 18.1756, 19.7516, 20.4646, 21.0822, 21.7664, 21.7692, 22.5898, 22.5463, 23.0619, 23.0322, 22.5379, 22.6142, 22.9786, 22.8256, 23.0547, 22.626, 22.358, 22.5823, 21.9499, 21.7905, 21.8559, 21.4592, 21.4804, 21.3714, 21.1501, 21.0354, 20.6724, 20.6817, 20.175, 19.8848, 19.6993, 19.6072, 19.4942, 19.0059, 18.5442, 18.2408, 18.2298, 18.3194, 17.5506, 17.2959, 17.0944, 16.9047, 16.3347, 16.718, 16.1522, 15.9963, 15.9092, 15.1935, 15.0907, 15.1383, 14.6438, 14.3974, 14.2109, 13.8955, 13.9398, 13.5555, 13.6256, 13.2287, 13.0185, 13.0749, 12.5937, 12.6899, 13.1423, 12.3205, 0, 0, 0, 0, 0, 0, 0, 0, 0, 0, 0, 0, 0, 0, 0, 0, 0, 0, 0, 0, 0, 0, 0, 0, 0
26, 0, 0, 0, 0, 0.711064, 2.43162, 4.69724, 6.93676, 10.1702, 12.6714, 14.617, 16.2812, 18.2052, 19.122, 20.0951, 20.9023, 21.1283, 21.5245, 22.2118, 22.168, 22.1786, 22.5256, 22.3393, 22.6621, 22.7761, 22.5269, 22.5473, 22.0262, 22.447, 21.962, 21.8111, 21.5407, 21.2877, 21.5478, 21.3865, 20.9867, 20.8637, 20.7604, 19.8733, 20.0647, 20.0732, 19.4568, 19.3031, 19.04, 18.6353, 18.3134, 18.188, 18.7695, 18.2035, 17.5779, 16.992, 17.349, 17.0319, 16.3257, 15.927, 16.3362, 15.4757, 15.5422, 15.3639, 14.9953, 14.3392, 14.6427, 14.1053, 14.2149, 13.6576, 13.4688, 13.502, 13.3503, 13.089, 13.0702, 13.0267, 12.7346, 12.5831, 13.0389, 12.6933, 0, 0, 0, 0, 0, 0, 0, 0, 0, 0, 0, 0, 0, 0, 0, 0, 0, 0, 0, 0, 0, 0, 0, 0, 0, 0
27, 0, 0, 0, 0, 0.645544, 2.16818, 4.54252, 7.57687, 9.70952, 12.4018, 14.1634, 16.1089, 17.5286, 18.8385, 19.7907, 20.3808, 20.7984, 21.1525, 21.7915, 21.9712, 21.8429, 21.9385, 21.9133, 21.8392, 21.9993, 21.8266, 21.7836, 21.8114, 21.6966, 21.276, 21.0876, 21.4624, 21.042, 20.9824, 20.6198, 20.6469, 20.1143, 19.9571, 19.8853, 19.7903, 19.6864, 19.0937, 18.7967, 18.9189, 18.4251, 18.2269, 18.3491, 17.7551, 17.5072, 17.1951, 17.1029, 16.7693, 16.1368, 16.3905, 15.8596, 15.8032, 15.2989, 14.8742, 15.1292, 14.7297, 14.6556, 14.2381, 14.2437, 13.8265, 13.5446, 13.4273, 13.2447, 12.9681, 12.7459, 12.7397, 13.0939, 12.6488, 12.3157, 12.5353, 0, 0, 0, 0, 0, 0, 0, 0, 0, 0, 0, 0, 0, 0, 0, 0, 0, 0, 0, 0, 0, 0, 0, 0, 0, 0, 0
28, 0, 0, 0, 0, 0.635096, 2.25518, 4.59067, 7.15876, 9.60838, 11.9972, 14.0286, 15.8321, 17.1622, 18.4462, 19.288, 19.9284, 20.4326, 20.9152, 21.2372, 21.4705, 21.3479, 21.5436, 21.4098, 21.3727, 21.6331, 21.6419, 21.337, 20.8876, 21.4822, 20.9753, 20.9809, 20.9516, 20.7446, 20.4667, 20.3916, 20.0433, 19.7449, 19.7824, 19.3154, 19.2209, 18.9326, 18.7676, 18.4857, 18.635, 17.9062, 17.597, 17.8058, 17.3302, 17.1899, 17.1112, 16.535, 16.571, 16.3763, 15.7665, 15.5524, 15.6969, 15.1122, 14.6129, 14.53, 14.4912, 14.3908, 13.718, 13.8953, 13.473, 13.236, 13.4687, 13.0355, 12.9976, 12.8778, 12.3478, 12.6466, 12.7097, 12.4894, 0, 0, 0, 0, 0, 0, 0, 0, 0, 0, 0, 0, 0, 0, 0, 0, 0, 0, 0, 0, 0, 0, 0, 0, 0, 0, 0, 0
29, 0, 0, 0, 0, 0.647996, 2.31717, 4.595, 6.85423, 9.43942, 11.5778, 13.57, 15.5798, 16.8493, 17.8745, 18.7783, 19.7587, 19.9288, 20.673, 20.87, 20.9072, 21.3649, 20.9456, 21.3101, 21.2097, 21.2822, 21.2522, 21.1096, 20.9046, 20.7805, 21.0684, 20.958, 20.4027, 20.0012, 19.8532, 19.9205, 19.6404, 19.5967, 19.3328, 19.0663, 18.7435, 18.5976, 18.2565, 18.314, 17.8075, 17.649, 17.8186, 17.2258, 16.9979, 16.9073, 16.8534, 16.3913, 16.1944, 15.6449, 15.713, 15.2165, 15.2896, 15.0825, 14.6162, 14.5029, 14.126, 13.8546, 13.9069, 13.8142, 13.5107, 13.1975, 12.905, 12.5861, 12.7661, 12.5447, 12.5563, 12.6956, 12.7508, 0, 0, 0, 0, 0, 0, 0, 0, 0, 0, 0, 0, 0, 0, 0, 0, 0, 0, 0, 0, 0, 0, 0, 0, 0, 0, 0, 0, 0
30, 0, 0, 0, 0, 0.77242, 2.32166, 4.36589, 6.88688, 9.38094, 11.9115, 13.8141, 15.3716, 16.7201, 17.8773, 18.8047, 18.9859, 19.6913, 20.0914, 20.4244, 20.7578, 20.8044, 20.8889, 20.9999, 20.7342, 20.7189, 20.5455, 20.6244, 20.3068, 20.9222, 19.9114, 20.0622, 19.9228, 20.2449, 19.7202, 19.457, 19.26, 19.4284, 19.0672, 18.3281, 18.7828, 18.4435, 17.7878, 18.0707, 17.6553, 17.8777, 17.4021, 17.1365, 16.9059, 16.4084, 16.2681, 16.0363, 15.6831, 15.4586, 15.0102, 15.0051, 14.8324, 14.5602, 14.4801, 14.051, 13.9635, 13.7562, 13.4794, 13.2798, 13.0474, 12.9862, 12.7578, 12.8081, 12.7263, 12.6834, 12.5299, 12.4127, 0, 0, 0, 0, 0, 0, 0, 0, 0, 0, 0, 0, 0, 0, 0, 0, 0, 0, 0, 0, 0, 0, 0, 0, 0, 0, 0, 0, 0, 0
31, 0, 0, 0, 0, 0.668128, 2.1012, 4.19538, 6.58025, 9.07504, 11.3129, 13.2618, 15.0211, 16.1062, 17.214, 18.392, 18.9014, 19.4326, 19.7801, 19.9641, 19.9942, 20.1634, 20.5809, 20.6398, 20.3898, 20.44, 20.4296, 20.2896, 20.104, 20.4803, 19.8407, 19.6937, 19.8889, 19.6302, 19.4639, 19.3233, 19.0416, 18.7414, 18.6331, 18.287, 18.3473, 18.1338, 17.7359, 17.6651, 17.2775, 17.0222, 16.9746, 16.5843, 16.4062, 16.2608, 16.2017, 15.5401, 15.4468, 15.0392, 15.0018, 14.6856, 14.5244, 14.1143, 14.1363, 14.0216, 14.0926, 13.6046, 13.2235, 13.0081, 13.1082, 12.8946, 12.4746, 12.2023, 12.6253, 12.7733, 12.5178, 0, 0, 0, 0, 0, 0, 0, 0, 0, 0, 0, 0, 0, 0, 0, 0, 0, 0, 0, 0, 0, 0, 0, 0, 0, 0, 0, 0, 0, 0, 0
32, 0, 0, 0, 0, 0.609961, 2.07118, 4.26321, 6.92923, 8.81099, 11.0051, 13.0794, 14.741, 16.3331, 17.1671, 18.0935, 18.7265, 19.2991, 19.6049, 19.6872, 19.8378, 20.084, 20.0188, 20.0486, 20.3745, 20.3604, 20.0335, 20.0072, 19.9456, 20.1877, 19.7455, 19.559, 19.0616, 19.2245, 18.941, 18.5462, 18.6004, 18.1526, 18.259, 17.9965, 17.6085, 17.8527, 17.4284, 17.2239, 17.2546, 17.0621, 16.468, 16.1147, 16.1675, 15.8517, 15.6724, 15.3203, 15.0212, 14.8974, 14.9535, 14.6494, 14.3034, 14.0794, 13.6463, 14.0292, 13.3168, 13.6187, 13.0192, 12.9848, 12.9682, 12.4646, 12.5771, 12.627, 12.2825, 12.4099, 0, 0, 0, 0, 0, 0, 0, 0, 0, 0, 0, 0, 0, 0, 0, 0, 0, 0, 0, 0, 0, 0, 0, 0, 0, 0, 0, 0, 0, 0, 0, 0
33, 0, 0, 0, 0, 0.693206, 2.18088, 4.39155, 6.66149, 8.67581, 10.9454, 12.8483, 14.4991, 15.5656, 16.8874, 17.4696, 18.4643, 18.8509, 19.1908, 19.3788, 19.5559, 19.6489, 19.73, 19.8133, 19.605, 19.8055, 19.9167, 19.4466, 19.6104, 19.334, 19.3653, 18.6697, 18.8542, 18.6229, 18.5611, 18.505, 18.5573, 18.3897, 17.9057, 17.7341, 17.8422, 17.4999, 17.0316, 16.9933, 17.1913, 16.7926, 16.1385, 16.0905, 15.8518, 15.8519, 15.3666, 14.7864, 14.8543, 14.3529, 14.3848, 14.1147, 14.1928, 13.9562, 13.5946, 13.4606, 13.0346, 13.2944, 13.1013, 12.8879, 12.6438, 12.5716, 12.2431, 12.6614, 12.3108, 0, 0, 0, 0, 0, 0, 0, 0, 0, 0, 0, 0, 0, 0, 0, 0, 0, 0, 0, 0, 0, 0, 0, 0, 0, 0, 0, 0, 0, 0, 0, 0, 0
34, 0, 0, 0, 0, 0.682164, 2.12021, 4.06554, 6.39804, 8.51222, 10.6657, 12.874, 14.3075, 15.4175, 16.5166, 17.3329, 18.1536, 18.4237, 18.9217, 18.8338, 19.0636, 19.2053, 19.1675, 19.5407, 19.3899, 19.2623, 19.2224, 19.3119, 19.0875, 19.0763, 18.8286, 18.9831, 18.775, 18.7655, 18.2213, 18.2807, 17.8477, 17.5441, 17.6651, 17.3157, 17.0524, 17.2769, 16.8547, 16.8018, 16.4976, 16.4626, 16.1172, 15.7208, 15.6558, 15.3218, 15.238, 15.0551, 14.5347, 14.3815, 14.3231, 14.3173, 13.6582, 13.5514, 13.5818, 13.3707, 13.0611, 12.8598, 12.8563, 12.7543, 12.7251, 12.8252, 12.5608, 12.3519, 0, 0, 0, 0, 0, 0, 0, 0, 0, 0, 0, 0, 0, 0, 0, 0, 0, 0, 0, 0, 0, 0, 0, 0, 0, 0, 0, 0, 0, 0, 0, 0, 0, 0
35, 0, 0, 0, 0, 0.621697, 2.02993, 3.96314, 6.07596, 8.58721, 10.8689, 12.4559, 14.0536, 15.4145, 16.3034, 17.2512, 17.6972, 18.2179, 18.5731, 18.6314, 18.7995, 18.9925, 18.9327, 19.1185, 18.9627, 18.9295, 19.1903, 18.6704, 18.6931, 18.6088, 18.715, 18.5209, 18.2952, 18.0715, 17.9558, 17.9469, 17.3826, 17.4505, 17.1863, 17.1343, 17.1207, 17.0312, 16.5999, 16.3068, 16.0675, 15.8056, 15.6176, 15.4304, 15.1363, 14.9978, 14.9229, 14.4455, 14.5037, 14.3382, 14.0192, 13.8973, 13.2791, 13.1782, 12.9275, 12.8829, 12.8642, 12.7736, 12.7365, 12.6042, 12.3055, 12.353, 12.4689, 0, 0, 0, 0, 0, 0, 0, 0, 0, 0, 0, 0, 0, 0, 0, 0, 0, 0, 0, 0, 0, 0, 0, 0, 0, 0, 0, 0, 0, 0, 0, 0, 0, 0, 0
36, 0, 0, 0, 0, 0.681777, 2.01696, 4.09315, 6.09325, 8.33027, 10.3467, 12.5125, 13.6636, 15.1964, 16.1857, 16.7822, 17.4096, 18.0393, 18.1702, 18.4452, 18.6506, 18.4654, 18.6692, 18.9001, 18.6259, 18.5607, 18.9118, 18.7577, 18.3542, 18.6074, 18.4494, 18.1691, 17.6866, 17.9223, 17.5733, 17.7516, 17.2197, 16.9023, 17.089, 16.852, 16.5926, 16.2819, 16.3449, 16.0219, 15.5691, 15.6217, 15.5512, 15.0091, 14.9567, 14.668, 14.6721, 13.9482, 14.0581, 13.8342, 13.41, 13.6788, 13.5219, 13.1207, 13.1819, 12.9013, 12.8187, 12.7294, 12.5915, 12.1623, 12.5212, 12.2152, 0, 0, 0, 0, 0, 0, 0, 0, 0, 0, 0, 0, 0, 0, 0, 0, 0, 0, 0, 0, 0, 0, 0, 0, 0, 0, 0, 0, 0, 0, 0, 0, 0, 0, 0, 0
37, 0, 0, 0, 0, 0.619782, 1.97947, 3.91915, 6.12765, 8.43042, 10.3232, 12.1203, 13.6414, 14.6834, 15.7295, 16.5342, 17.2039, 17.3457, 17.7854, 17.9977, 18.4071, 18.2399, 18.3738, 18.5827, 18.3812, 18.3514, 18.483, 18.2876, 18.4053, 17.9923, 18.1117, 17.8405, 17.5331, 17.5964, 17.1547, 17.2467, 16.9888, 16.9904, 16.8306, 16.5581, 16.5112, 15.9777, 15.9706, 15.8068, 15.2602, 15.4337, 15.2306, 15.1624, 14.7648, 14.6351, 14.2948, 14.2188, 13.7915, 13.8072, 13.6089, 13.4345, 13.2383, 12.8076, 12.7856, 12.6428, 12.564, 12.6205, 12.2613, 12.2889, 12.1792, 0, 0, 0, 0, 0, 0, 0, 0, 0, 0, 0, 0, 0, 0, 0, 0, 0, 0, 0, 0, 0, 0, 0, 0, 0, 0, 0, 0, 0, 0, 0, 0, 0, 0, 0, 0, 0
38, 0, 0, 0, 0, 0.556392, 2.00578, 3.91434, 5.98736, 8.12027, 10.1474, 11.8466, 13.5928, 14.7018, 15.7261, 16.2979, 17.1292, 17.2338, 17.6102, 17.9771, 17.9739, 17.992, 18.2599, 18.3492, 18.2629, 18.076, 18.0956, 17.8985, 17.7382, 17.8051, 17.7309, 17.6399, 17.3661, 17.1302, 17.1166, 17.0996, 16.7718, 16.3786, 16.429, 16.3158, 15.9803, 15.9042, 15.9644, 15.5741, 15.3353, 15.1391, 14.6501, 14.4546, 14.5253, 14.2976, 14.0671, 14.096, 13.5405, 13.3116, 13.5695, 13.3093, 12.7641, 12.9502, 12.699, 12.4873, 12.2656, 12.3803, 12.185, 12.4966, 0, 0, 0, 0, 0, 0, 0, 0, 0, 0, 0, 0, 0, 0, 0, 0, 0, 0, 0, 0, 0, 0, 0, 0, 0, 0, 0, 0, 0, 0, 0, 0, 0, 0, 0, 0, 0, 0
39, 0, 0, 0, 0, 0.536233, 1.93979, 3.91378, 5.94273, 8.05236, 10.0859, 11.8122, 13.3112, 14.4632, 15.303, 16.0253, 16.4982, 16.8934, 17.308, 17.4286, 17.5753, 17.8315, 17.7944, 17.7147, 17.7363, 17.7322, 18.0023, 17.5074, 17.4393, 17.5157, 17.0959, 17.1425, 17.092, 16.8288, 16.7154, 16.5986, 16.5505, 16.2692, 16.1109, 16.0672, 15.7102, 15.6063, 15.5593, 15.3707, 14.8674, 14.76, 14.7491, 14.7048, 14.0722, 14.2417, 13.8054, 13.9153, 13.6013, 13.2307, 13.07, 12.9686, 13.0558, 12.7686, 12.3769, 12.1949, 12.1425, 12.4859, 12.4134, 0, 0, 0, 0, 0, 0, 0, 0, 0, 0, 0, 0, 0, 0, 0, 0, 0, 0, 0, 0, 0, 0, 0, 0, 0, 0, 0, 0, 0, 0, 0, 0, 0, 0, 0, 0, 0, 0, 0
40, 0, 0, 0, 0, 0.58774, 1.99267, 3.82652, 5.75664, 7.77328, 9.76667, 11.5158, 12.9283, 14.2977, 15.0872, 15.8593, 16.5892, 16.9065, 17.1652, 17.1386, 17.3884, 17.4375, 17.7673, 17.5985, 17.736, 17.5803, 17.3123, 17.3415, 17.2154, 17.2283, 17.1864, 17.2348, 16.9242, 16.5632, 16.7003, 16.3083, 16.3458, 16.1642, 16.0063, 15.5733, 15.6134, 15.8713, 15.4859, 14.8627, 14.9581, 14.6678, 14.362, 14.1694, 13.9832, 13.8472, 13.6658, 13.3563, 13.1973, 13.1543, 12.6715, 12.8255, 12.7902, 12.6387, 12.2456, 12.4413, 12.2252, 12.3111, 0, 0, 0, 0, 0, 0, 0, 0, 0, 0, 0, 0, 0, 0, 0, 0, 0, 0, 0, 0, 0, 0, 0, 0, 0, 0, 0, 0, 0, 0, 0, 0, 0, 0, 0, 0, 0, 0, 0, 0
41, 0, 0, 0, 0, 0.570755, 1.82847, 3.63629, 5.77127, 7.84647, 9.78426, 11.5125, 12.6203, 14.0971, 14.7487, 15.618, 15.9411, 16.5161, 16.8713, 17.0855, 16.9011, 17.2733, 17.2875, 17.3922, 17.4034, 17.2603, 17.4114, 16.9182, 17.1078, 16.8745, 16.8721, 16.7868, 16.6611, 16.4764, 16.4428, 16.4309, 16.2088, 15.6546, 15.9404, 15.5406, 15.3, 14.9864, 15.1083, 14.9921, 14.6037, 14.4279, 14.1072, 14.0548, 13.8617, 13.5794, 13.443, 13.2585, 12.763, 12.9989, 12.4196, 12.6986, 12.5085, 12.4282, 12.366, 12.524, 12.3022, 0, 0, 0, 0, 0, 0, 0, 0, 0, 0, 0, 0, 0, 0, 0, 0, 0, 0, 0, 0, 0, 0, 0, 0, 0, 0, 0, 0, 0, 0, 0, 0, 0, 0, 0, 0, 0, 0, 0, 0, 0
42, 0, 0, 0, 0, 0.549542, 1.83829, 3.74227, 5.66875, 7.61674, 9.7339, 11.3789, 12.682, 13.6496, 14.6083, 15.3229, 15.9787, 16.2732, 16.5563, 16.7397, 17.1606, 16.7522, 16.878, 17.0944, 16.9555, 17.2426, 16.9694, 17.0033, 16.8294, 16.6165, 16.621, 16.1435, 16.3932, 16.2989, 16.0724, 15.7651, 15.8539, 15.4235, 15.0986, 15.0378, 14.8617, 14.7848, 14.6653, 14.568, 14.1623, 14.3842, 13.8258, 13.9564, 13.3616, 13.4662, 13.1136, 13.1876, 13.0219, 12.6735, 12.626, 12.6286, 12.2173, 12.2595, 12.0802, 12.1938, 0, 0, 0, 0, 0, 0, 0, 0, 0, 0, 0, 0, 0, 0, 0, 0, 0, 0, 0, 0, 0, 0, 0, 0, 0, 0, 0, 0, 0, 0, 0, 0, 0, 0, 0, 0, 0, 0, 0, 0, 0, 0
43, 0, 0, 0, 0, 0.593252, 1.91056, 3.7348, 5.54509, 7.70356, 9.32286, 11.1769, 12.4093, 13.5778, 14.4074, 15.1505, 15.1778, 16.0285, 16.2812, 16.4919, 16.5101, 16.7221, 16.7141, 16.97, 16.5633, 16.9874, 16.5472, 16.437, 16.441, 16.6169, 16.164, 16.1249, 16.0405, 15.8347, 16.0665, 15.7041, 15.5257, 15.1429, 15.3597, 15.206, 14.8216, 14.5358, 14.538, 14.3228, 13.9971, 14.0662, 13.7346, 13.6112, 13.3838, 13.2176, 13.0021, 12.9402, 12.9986, 12.7341, 12.7597, 12.5337, 12.2541, 12.5102, 12.0803, 0, 0, 0, 0, 0, 0, 0, 0, 0, 0, 0, 0, 0, 0, 0, 0, 0, 0, 0, 0, 0, 0, 0, 0, 0, 0, 0, 0, 0, 0, 0, 0, 0, 0, 0, 0, 0, 0, 0, 0, 0, 0, 0
44, 0, 0, 0, 0, 0.519422, 1.80909, 3.53381, 5.33782, 7.30815, 9.31568, 10.8018, 12.2119, 13.1942, 14.3134, 14.7995, 15.4108, 15.8157, 16.0063, 16.1686, 16.1978, 16.4016, 16.624, 16.785, 16.5757, 16.5947, 16.5406, 16.3663, 16.3545, 15.9733, 15.8279, 16.0317, 15.8142, 15.596, 15.5247, 15.3522, 15.1768, 15.1378, 14.7148, 14.9055, 14.5804, 14.373, 14.3599, 14.2492, 13.8952, 13.9622, 13.5855, 13.5685, 13.2684, 13.1993, 12.7667, 12.754, 12.538, 12.3681, 12.1673, 12.4911, 12.1475, 12.3124, 0, 0, 0, 0, 0, 0, 0, 0, 0, 0, 0, 0, 0, 0, 0, 0, 0, 0, 0, 0, 0, 0, 0, 0, 0, 0, 0, 0, 0, 0, 0, 0, 0, 0, 0, 0, 0, 0, 0, 0, 0, 0, 0, 0
45, 0, 0, 0, 0, 0.484918, 1.85808, 3.59543, 5.37285, 7.66525, 9.09537, 10.5256, 12.2906, 12.9792, 13.9469, 14.6851, 14.9547, 15.409, 15.826, 16.0388, 16.1759, 16.3708, 16.0327, 16.3525, 16.2763, 16.3486, 16.1946, 16.2473, 16.2719, 15.834, 15.8512, 15.6314, 15.6398, 15.3961, 15.3112, 15.3269, 15.0724, 14.6965, 14.46, 14.6972, 14.2564, 14.2086, 14.0502, 13.8299, 13.9156, 13.6442, 13.306, 13.4821, 13.1304, 12.811, 12.8332, 12.5063, 12.5616, 12.2457, 12.178, 11.9482, 12.1923, 0, 0, 0, 0, 0, 0, 0, 0, 0, 0, 0, 0, 0, 0, 0, 0, 0, 0, 0, 0, 0, 0, 0, 0, 0, 0, 0, 0, 0, 0, 0, 0, 0, 0, 0, 0, 0, 0, 0, 0, 0, 0, 0, 0, 0
46, 0, 0, 0, 0, 0.60781, 1.8333, 3.51842, 5.32231, 7.40572, 9.25927, 10.6878, 11.949, 12.93, 13.6897, 14.616, 14.7067, 15.2953, 15.6117, 15.7909, 15.8766, 16.189, 15.8864, 16.0607, 16.0918, 16.0996, 16.1246, 15.8624, 15.7111, 15.7956, 15.7175, 15.5676, 15.1742, 15.1931, 15.0052, 14.8227, 14.9703, 14.6141, 14.5127, 14.325, 14.1648, 13.9818, 13.8615, 13.6028, 13.5926, 13.5105, 13.105, 12.6497, 12.8302, 12.9994, 12.6858, 12.336, 12.1804, 12.2363, 11.9824, 12.0438, 0, 0, 0, 0, 0, 0, 0, 0, 0, 0, 0, 0, 0, 0, 0, 0, 0, 0, 0, 0, 0, 0, 0, 0, 0, 0, 0, 0, 0, 0, 0, 0, 0, 0, 0, 0, 0, 0, 0, 0, 0, 0, 0, 0, 0, 0
47, 0, 0, 0, 0, 0.564555, 1.83454, 3.44607, 5.3789, 7.2976, 8.82517, 10.4705, 11.6847, 12.7643, 13.5882, 14.0668, 14.9117, 15.0398, 15.3738, 15.6332, 15.646, 15.6405, 15.651, 15.7453, 15.8031, 15.7022, 15.7015, 15.4916, 15.4502, 15.4976, 15.4138, 15.1478, 15.2357, 14.8261, 14.7625, 14.7002, 14.6516, 14.4954, 14.3821, 14.22, 13.8141, 13.5542, 13.4471, 13.5818, 13.0817, 13.0323, 13.2338, 12.7712, 12.5247, 12.4442, 12.6635, 12.5378, 12.4551, 12.3706, 12.3301, 0, 0, 0, 0, 0, 0, 0, 0, 0, 0, 0, 0, 0, 0, 0, 0, 0, 0, 0, 0, 0, 0, 0, 0, 0, 0, 0, 0, 0, 0, 0, 0, 0, 0, 0, 0, 0, 0, 0, 0, 0, 0, 0, 0, 0, 0, 0
48, 0, 0, 0, 0, 0.582053, 1.69477, 3.29209, 5.20755, 7.10413, 8.68157, 10.2956, 11.7502, 12.5664, 13.4614, 14.1393, 14.5105, 14.885, 15.234, 15.5037, 15.4789, 15.6142, 15.5895, 15.6239, 15.7439, 15.423, 15.2589, 15.3805, 15.3909, 15.1261, 15.2938, 15.0973, 14.798, 14.8468, 14.9076, 14.3626, 14.6729, 14.0864, 14.0147, 13.8899, 13.7174, 13.4284, 13.2945, 13.165, 13.0942, 13.0741, 12.6567, 12.6262, 12.489, 12.4685, 12.4683, 12.0847, 12.3202, 12.1691, 0, 0, 0, 0, 0, 0, 0, 0, 0, 0, 0, 0, 0, 0, 0, 0, 0, 0, 0, 0, 0, 0, 0, 0, 0, 0, 0, 0, 0, 0, 0, 0, 0, 0, 0, 0, 0, 0, 0, 0, 0, 0, 0, 0, 0, 0, 0, 0
49, 0, 0, 0, 0, 0.525472, 1.6088, 3.32582, 5.21905, 7.01214, 8.7076, 9.97748, 11.3965, 12.1319, 13.1313, 13.7435, 14.4421, 14.7606, 14.7495, 15.0663, 15.1956, 15.2778, 15.4181, 15.21, 15.138, 15.3758, 15.2617, 15.2538, 15.0535, 14.9844, 14.7695, 14.9095, 14.6824, 14.5139, 14.5072, 14.1228, 14.0741, 14.0579, 13.8018, 13.7428, 13.4501, 13.2625, 13.1876, 13.1579, 12.8067, 12.9128, 12.5309, 12.533, 12.2016, 12.1838, 12.0521, 12.0449, 12.0633, 0, 0, 0, 0, 0, 0, 0, 0, 0, 0, 0, 0, 0, 0, 0, 0, 0, 0, 0, 0, 0, 0, 0, 0, 0, 0, 0, 0, 0, 0, 0, 0, 0, 0, 0, 0, 0, 0, 0, 0, 0, 0, 0, 0, 0, 0, 0, 0, 0
50, 0, 0, 0, 0, 0.555099, 1.63444, 3.29168, 5.10949, 6.93617, 8.53507, 9.89608, 11.2584, 12.5062, 13.1444, 13.8595, 14.25, 14.4038, 14.4791, 14.8793, 14.9306, 14.8871, 15.1604, 15.3407, 14.9177, 14.9186, 15.1695, 14.6998, 14.9685, 14.9211, 14.7606, 14.6384, 14.5377, 14.3391, 14.1444, 14.1327, 13.9634, 13.6213, 13.7733, 13.6107, 13.2799, 13.0594, 13.0326, 13.0468, 12.7082, 12.8269, 12.214, 12.3167, 12.5896, 12.1207, 12.1577, 12.0287, 0, 0, 0, 0, 0, 0, 0, 0, 0, 0, 0, 0, 0, 0, 0, 0, 0, 0, 0, 0, 0, 0, 0, 0, 0, 0, 0, 0, 0, 0, 0, 0, 0, 0, 0, 0, 0, 0, 0, 0, 0, 0, 0, 0, 0, 0, 0, 0, 0, 0
51, 0, 0, 0, 0, 0.527856, 1.54751, 3.1071, 5.05791, 6.77902, 8.44605, 10.0116, 11.355, 12.0978, 12.9461, 13.3809, 13.9169, 14.3436, 14.55, 14.8733, 14.8864, 14.9689, 14.9957, 14.9601, 15.0107, 15.0472, 14.9528, 14.7517, 14.7394, 14.6956, 14.3304, 14.4862, 14.3533, 14.1569, 13.8902, 13.763, 13.7439, 13.7257, 13.513, 13.2623, 13.1046, 12.8067, 12.8739, 12.9046, 12.7326, 12.5693, 12.4179, 12.229, 12.1871, 12.195, 12.2515, 0, 0, 0, 0, 0, 0, 0, 0, 0, 0, 0, 0, 0, 0, 0, 0, 0, 0, 0, 0, 0, 0, 0, 0, 0, 0, 0, 0, 0, 0, 0, 0, 0, 0, 0, 0, 0, 0, 0, 0, 0, 0, 0, 0, 0, 0, 0, 0, 0, 0, 0
52, 0, 0, 0, 0, 0.508983, 1.67589, 3.32502, 4.9521, 6.58228, 8.33867, 9.92546, 11.0907, 12.0071, 12.6898, 13.3054, 13.8191, 14.1006, 14.5071, 14.5979, 14.6678, 14.6759, 14.6369, 14.6765, 14.8232, 14.7715, 14.6985, 14.754, 14.7446, 14.2049, 14.3048, 14.506, 14.2402, 13.8864, 13.8734, 13.6544, 13.5449, 13.4669, 13.2405, 13.2674, 13.2199, 12.7862, 12.8821, 12.5252, 12.4102, 12.414, 12.1691, 12.2768, 12.0874, 11.988, 0, 0, 0, 0, 0, 0, 0, 0, 0, 0, 0, 0, 0, 0, 0, 0, 0, 0, 0, 0, 0, 0, 0, 0, 0, 0, 0, 0, 0, 0, 0, 0, 0, 0, 0, 0, 0, 0, 0, 0, 0, 0, 0, 0, 0, 0, 0, 0, 0, 0, 0, 0
53, 0, 0, 0, 0, 0.546578, 1.70934, 3.0956, 5.02241, 6.7191, 8.47379, 9.75259, 10.7151, 11.6847, 12.536, 13.2439, 13.4164, 13.8901, 14.1171, 14.323, 14.6187, 14.453, 14.5989, 14.8553, 14.6969, 14.4209, 14.6269, 14.5, 14.2634, 14.1251, 14.096, 13.885, 13.7038, 13.919, 13.7006, 13.5177, 13.5344, 13.2085, 13.2066, 12.8035, 12.9448, 12.6077, 12.5324, 12.339, 12.2268, 12.2524, 12.236, 12.1218, 12.1262, 0, 0, 0, 0, 0, 0, 0, 0, 0, 0, 0, 0, 0, 0, 0, 0, 0, 0, 0, 0, 0, 0, 0, 0, 0, 0, 0, 0, 0, 0, 0, 0, 0, 0, 0, 0, 0, 0, 0, 0, 0, 0, 0, 0, 0, 0, 0, 0, 0, 0, 0, 0, 0
54, 0, 0, 0, 0, 0.528768, 1.59518, 3.10939, 4.88168, 6.41259, 8.17961, 9.49723, 10.6487, 11.7034, 12.4569, 12.9012, 13.5445, 13.7446, 14.0209, 14.013, 14.0983, 14.179, 14.2977, 14.3789, 14.2586, 14.3564, 14.1105, 14.1668, 14.1069, 13.9817, 14.0999, 13.8626, 13.6475, 13.5049, 13.391, 13.373, 12.9442, 13.0815, 12.9347, 12.6934, 12.5894, 12.7182, 12.3387, 12.2591, 12.1932, 11.9853, 12.0602, 12.0168, 0, 0, 0, 0, 0, 0, 0, 0, 0, 0, 0, 0, 0, 0, 0, 0, 0, 0, 0, 0, 0, 0, 0, 0, 0, 0, 0, 0, 0, 0, 0, 0, 0, 0, 0, 0, 0, 0, 0, 0, 0, 0, 0, 0, 0, 0, 0, 0, 0, 0, 0, 0, 0, 0
55, 0, 0, 0, 0, 0.481277, 1.5357, 3.10367, 4.86139, 6.1381, 8.1524, 9.38432, 10.6924, 11.6631, 12.3004, 12.6392, 13.159, 13.6808, 13.7015, 13.9538, 14.0777, 14.1438, 14.2977, 14.0882, 14.3172, 14.1327, 13.9417, 13.9969, 13.8528, 13.9114, 13.8283, 13.7386, 13.3489, 13.3423, 13.3435, 13.1729, 12.6288, 13.093, 12.8477, 12.599, 12.6161, 12.4842, 12.2503, 12.4097, 12.112, 11.9867, 12.3177, 0, 0, 0, 0, 0, 0, 0, 0, 0, 0, 0, 0, 0, 0, 0, 0, 0, 0, 0, 0, 0, 0, 0, 0, 0, 0, 0, 0, 0, 0, 0, 0, 0, 0, 0, 0, 0, 0, 0, 0, 0, 0, 0, 0, 0, 0, 0, 0, 0, 0, 0, 0, 0, 0, 0
56, 0, 0, 0, 0, 0.537499, 1.58827, 3.11524, 4.8005, 6.43136, 7.84471, 9.27747, 10.4648, 11.347, 12.1104, 12.6567, 12.9927, 13.4517, 13.5296, 13.7497, 13.7034, 14.014, 13.8555, 14.1895, 13.9197, 13.7885, 13.7582, 13.8246, 13.7759, 13.5236, 13.631, 13.3721, 13.3321, 13.1944, 13.1532, 13.0591, 12.8452, 12.5528, 12.6934, 12.4294, 12.4206, 12.3646, 12.1809, 12.0436, 12.2707, 12.1616, 0, 0, 0, 0, 0, 0, 0, 0, 0, 0, 0, 0, 0, 0, 0, 0, 0, 0, 0, 0, 0, 0, 0, 0, 0, 0, 0, 0, 0, 0, 0, 0, 0, 0, 0, 0, 0, 0, 0, 0, 0, 0, 0, 0, 0, 0, 0, 0, 0, 0, 0, 0, 0, 0, 0, 0
57, 0, 0, 0, 0, 0.52582, 1.428, 2.89299, 4.56013, 6.27063, 7.80991, 9.09015, 10.433, 11.2065, 12.0886, 12.387, 12.8744, 13.2569, 13.5194, 13.5034, 13.8772, 13.9293, 13.9004, 13.7455, 13.9522, 13.6319, 13.7509, 13.7213, 13.5658, 13.3076, 13.4344, 13.1539, 13.183, 13.0668, 12.9117, 12.9718, 12.7519, 12.4699, 12.4782, 12.2131, 12.2925, 12.1627, 12.0461, 11.9949, 11.8664, 0, 0, 0, 0, 0, 0, 0, 0, 0, 0, 0, 0, 0, 0, 0, 0, 0, 0, 0, 0, 0, 0, 0, 0, 0, 0, 0, 0, 0, 0, 0, 0, 0, 0, 0, 0, 0, 0, 0, 0, 0, 0, 0, 0, 0, 0, 0, 0, 0, 0, 0, 0, 0, 0, 0, 0, 0
58, 0, 0, 0, 0, 0.466112, 1.51319, 2.99462, 4.50405, 6.05415, 7.85758, 9.14338, 10.2757, 10.8609, 11.8569, 12.3615, 12.8629, 13.1046, 13.236, 13.3561, 13.5874, 13.5741, 13.5276, 13.7172, 13.7146, 13.704, 13.5491, 13.3186, 13.2287, 13.4319, 13.1758, 13.1731, 12.9071, 12.9084, 12.9262, 12.7364, 12.553, 12.3131, 12.2825, 12.1744, 12.0063, 12.0194, 12.1285, 11.9806, 0, 0, 0, 0, 0, 0, 0, 0, 0, 0, 0, 0, 0, 0, 0, 0, 0, 0, 0, 0, 0, 0, 0, 0, 0, 0, 0, 0, 0, 0, 0, 0, 0, 0, 0, 0, 0, 0, 0, 0, 0, 0, 0, 0, 0, 0, 0, 0, 0, 0, 0, 0, 0, 0, 0, 0, 0, 0
59, 0, 0, 0, 0, 0.443539, 1.43787, 2.92452, 4.69121, 6.24887, 7.66866, 8.82547, 10.0265, 11.0717, 11.4654, 12.2269, 12.5758, 12.8882, 13.2569, 13.3102, 13.4506, 13.3381, 13.6248, 13.5757, 13.4886, 13.382, 13.2856, 13.3089, 13.2511, 13.036, 13.0124, 12.9156, 12.6276, 12.5835, 12.4672, 12.3804, 12.346, 12.3402, 12.326, 12.2653, 12.0663, 12.1256, 12.0802, 0, 0, 0, 0, 0, 0, 0, 0, 0, 0, 0, 0, 0, 0, 0, 0, 0, 0, 0, 0, 0, 0, 0, 0, 0, 0, 0, 0, 0, 0, 0, 0, 0, 0, 0, 0, 0, 0, 0, 0, 0, 0, 0, 0, 0, 0, 0, 0, 0, 0, 0, 0, 0, 0, 0, 0, 0, 0, 0
60, 0, 0, 0, 0, 0.475442, 1.51222, 3.04343, 4.48212, 6.06403, 7.68285, 8.89432, 10.0418, 10.8644, 11.3637, 12.0001, 12.5087, 12.7602, 12.9295, 13.0257, 13.0467, 13.2048, 13.2571, 13.2773, 13.2035, 13.27, 13.1519, 13.0747, 13.1979, 13.0812, 12.9513, 12.7096, 12.596, 12.6092, 12.3871, 12.3851, 12.2798, 12.1444, 12.0617, 11.8686, 12.0115, 11.9553, 0, 0, 0, 0, 0, 0, 0, 0, 0, 0, 0, 0, 0, 0, 0, 0, 0, 0, 0, 0, 0, 0, 0, 0, 0, 0, 0, 0, 0, 0, 0, 0, 0, 0, 0, 0, 0, 0, 0, 0, 0, 0, 0, 0, 0, 0, 0, 0, 0, 0, 0, 0, 0, 0, 0, 0, 0, 0, 0, 0
61, 0, 0, 0, 0, 0.465654, 1.48088, 2.93067, 4.4125, 5.96629, 7.47762, 8.73104, 9.91563, 10.6428, 11.2733, 11.9017, 12.2421, 12.594, 12.7946, 12.9973, 13.1713, 13.1828, 13.1227, 12.9973, 13.1351, 13.1657, 12.968, 12.918, 12.9083, 12.8208, 12.7072, 12.5978, 12.5483, 12.3592, 12.475, 12.0459, 12.1065, 12.0908, 11.9211, 11.8164, 11.9262, 0, 0, 0, 0, 0, 0, 0, 0, 0, 0, 0, 0, 0, 0, 0, 0, 0, 0, 0, 0, 0, 0, 0, 0, 0, 0, 0, 0, 0, 0, 0, 0, 0, 0, 0, 0, 0, 0, 0, 0, 0, 0, 0, 0, 0, 0, 0, 0, 0, 0, 0, 0, 0, 0, 0, 0, 0, 0, 0, 0, 0
62, 0, 0, 0, 0, 0.51606, 1.37795, 2.8676, 4.43286, 6.2157, 7.33102, 8.59258, 9.71493, 10.6352, 11.221, 11.816, 12.2907, 12.4338, 12.5568, 12.7441, 12.889, 13.0205, 12.9146, 12.8899, 12.925, 13.1409, 12.9576, 12.8524, 12.7501, 12.5837, 12.6218, 12.6033, 12.3609, 12.2494, 12.0623, 12.1574, 12.1216, 11.8231, 11.909, 11.9502, 0, 0, 0, 0, 0, 0, 0, 0, 0, 0, 0, 0, 0, 0, 0, 0, 0, 0, 0, 0, 0, 0, 0, 0, 0, 0, 0, 0, 0, 0, 0, 0, 0, 0, 0, 0, 0, 0, 0, 0, 0, 0, 0, 0, 0, 0, 0, 0, 0, 0, 0, 0, 0, 0, 0, 0, 0, 0, 0, 0, 0, 0
63, 0, 0, 0, 0, 0.466127, 1.44724, 2.75026, 4.34478, 5.74958, 7.13643, 8.53182, 9.66857, 10.3986, 11.0554, 11.6443, 12.028, 12.1808, 12.6112, 12.7332, 12.6615, 12.6999, 12.8421, 12.8219, 12.9082, 12.7827, 12.4616, 12.7289, 12.4847, 12.5426, 12.3384, 12.4366, 12.1519, 12.0311, 12.0541, 11.8837, 11.8892, 11.884, 11.8241, 0, 0, 0, 0, 0, 0, 0, 0, 0, 0, 0, 0, 0, 0, 0, 0, 0, 0, 0, 0, 0, 0, 0, 0, 0, 0, 0, 0, 0, 0, 0, 0, 0, 0, 0, 0, 0, 0, 0, 0, 0, 0, 0, 0, 0, 0, 0, 0, 0, 0, 0, 0, 0, 0, 0, 0, 0, 0, 0, 0, 0, 0, 0
64, 0, 0, 0, 0, 0.446652, 1.39913, 2.73037, 4.27566, 5.83808, 7.0609, 8.49528, 9.67756, 10.2961, 10.9981, 11.4193, 11.9311, 12.1093, 12.2685, 12.4004, 12.62, 12.6011, 12.7341, 12.6351, 12.4881, 12.6315, 12.761, 12.4623, 12.5096, 12.3198, 12.2001, 12.0651, 12.2097, 11.8626, 11.9589, 11.8929, 11.9531, 11.699, 0, 0, 0, 0, 0, 0, 0, 0, 0, 0, 0, 0, 0, 0, 0, 0, 0, 0, 0, 0, 0, 0, 0, 0, 0, 0, 0, 0, 0, 0, 0, 0, 0, 0, 0, 0, 0, 0, 0, 0, 0, 0, 0, 0, 0, 0, 0, 0, 0, 0, 0, 0, 0, 0, 0, 0, 0, 0, 0, 0, 0, 0, 0, 0
65, 0, 0, 0, 0, 0.398034, 1.33356, 2.75303, 4.24389, 5.72529, 7.19137, 8.30316, 9.35163, 10.1098, 10.8081, 11.2868, 11.7153, 12.0667, 12.1784, 12.3369, 12.3066, 12.5634, 12.4393, 12.5511, 12.3612, 12.447, 12.3936, 12.3224, 12.3898, 12.1401, 12.0313, 12.0266, 11.8461, 11.9657, 11.9639, 11.8028, 11.7472, 0, 0, 0, 0, 0, 0, 0, 0, 0, 0, 0, 0, 0, 0, 0, 0, 0, 0, 0, 0, 0, 0, 0, 0, 0, 0, 0, 0, 0, 0, 0, 0, 0, 0, 0, 0, 0, 0, 0, 0, 0, 0, 0, 0, 0, 0, 0, 0, 0, 0, 0, 0, 0, 0, 0, 0, 0, 0, 0, 0, 0, 0, 0, 0, 0
66, 0, 0, 0, 0, 0.469445, 1.30809, 2.63788, 4.18479, 5.65197, 7.14749, 8.22979, 9.21382, 9.98919, 10.7183, 11.0968, 11.5786, 11.8831, 12.0957, 12.26, 12.3079, 12.295, 12.4744, 12.3258, 12.2672, 12.3765, 12.2461, 12.3154, 12.0445, 11.9489, 11.9381, 11.8752, 11.8317, 11.7318, 11.6144, 11.7289, 0, 0, 0, 0, 0, 0, 0, 0, 0, 0, 0, 0, 0, 0, 0, 0, 0, 0, 0, 0, 0, 0, 0, 0, 0, 0, 0, 0, 0, 0, 0, 0, 0, 0, 0, 0, 0, 0, 0, 0, 0, 0, 0, 0, 0, 0, 0, 0, 0, 0, 0, 0, 0, 0, 0, 0, 0, 0, 0, 0, 0, 0, 0, 0, 0, 0
67, 0, 0, 0, 0, 0.471156, 1.34332, 2.68594, 4.15458, 5.56217, 7.0106, 8.25067, 9.29678, 9.9788, 10.4618, 11.1296, 11.4145, 11.6418, 11.8334, 12.1044, 12.2459, 12.1546, 12.114, 12.158, 12.2163, 12.247, 12.1408, 12.035, 11.8006, 12.0136, 11.759, 11.8747, 11.7246, 11.6804, 11.7774, 0, 0, 0, 0, 0, 0, 0, 0, 0, 0, 0, 0, 0, 0, 0, 0, 0, 0, 0, 0, 0, 0, 0, 0, 0, 0, 0, 0, 0, 0, 0, 0, 0, 0, 0, 0, 0, 0, 0, 0, 0, 0, 0, 0, 0, 0, 0, 0, 0, 0, 0, 0, 0, 0, 0, 0, 0, 0, 0, 0, 0, 0, 0, 0, 0, 0, 0
68, 0, 0, 0, 0, 0.452457, 1.34084, 2.76354, 4.17904, 5.47869, 7.19928, 8.00173, 9.01825, 9.87848, 10.4138, 11.0049, 11.2963, 11.5463, 11.8053, 11.9927, 11.8577, 12.1316, 12.1147, 12.0174, 12.0246, 12.0532, 11.9733, 11.9103, 11.8647, 11.7548, 11.7546, 11.5485, 11.7242, 11.7237, 0, 0, 0, 0, 0, 0, 0, 0, 0, 0, 0, 0, 0, 0, 0, 0, 0, 0, 0, 0, 0, 0, 0, 0, 0, 0, 0, 0, 0, 0, 0, 0, 0, 0, 0, 0, 0, 0, 0, 0, 0, 0, 0, 0, 0, 0, 0, 0, 0, 0, 0, 0, 0, 0, 0, 0, 0, 0, 0, 0, 0, 0, 0, 0, 0, 0, 0, 0
69, 0, 0, 0, 0, 0.455925, 1.40165, 2.73324, 3.99034, 5.37245, 6.9892, 8.13393, 9.08545, 9.8408, 10.425, 10.8149, 11.2685, 11.4386, 11.7696, 11.773, 11.8282, 11.8113, 11.9166, 11.9884, 11.7672, 11.9414, 11.802, 11.7501, 11.7416, 11.5818, 11.554, 11.6841, 11.635, 0, 0, 0, 0, 0, 0, 0, 0, 0, 0, 0, 0, 0, 0, 0, 0, 0, 0, 0, 0, 0, 0, 0, 0, 0, 0, 0, 0, 0, 0, 0, 0, 0, 0, 0, 0, 0, 0, 0, 0, 0, 0, 0, 0, 0, 0, 0, 0, 0, 0, 0, 0, 0, 0, 0, 0, 0, 0, 0, 0, 0, 0, 0, 0, 0, 0, 0, 0, 0
70, 0, 0, 0, 0, 0.398279, 1.31442, 2.53301, 3.98441, 5.45114, 7.07277, 7.94854, 8.75957, 9.56283, 10.1265, 10.7039, 11.0058, 11.5007, 11.4047, 11.7817, 11.8289, 11.9022, 11.8018, 11.8118, 11.7434, 11.606, 11.874, 11.6669, 11.623, 11.4792, 11.4584, 11.4754, 0, 0, 0, 0, 0, 0, 0, 0, 0, 0, 0, 0, 0, 0, 0, 0, 0, 0, 0, 0, 0, 0, 0, 0, 0, 0, 0, 0, 0, 0, 0, 0, 0, 0, 0, 0, 0, 0, 0, 0, 0, 0, 0, 0, 0, 0, 0, 0, 0, 0, 0, 0, 0, 0, 0, 0, 0, 0, 0, 0, 0, 0, 0, 0, 0, 0, 0, 0, 0, 0
71, 0, 0, 0, 0, 0.441998, 1.42068, 2.58741, 3.91243, 5.3916, 6.66718, 7.76685, 8.86067, 9.52911, 10.2434, 10.5295, 10.9703, 11.1559, 11.4694, 11.6297, 11.617, 11.4863, 11.6108, 11.6653, 11.5275, 11.5203, 11.5242, 11.6137, 11.3813, 11.2809, 11.474, 0, 0, 0, 0, 0, 0, 0, 0, 0, 0, 0, 0, 0, 0, 0, 0, 0, 0, 0, 0, 0, 0, 0, 0, 0, 0, 0, 0, 0, 0, 0, 0, 0, 0, 0, 0, 0, 0, 0, 0, 0, 0, 0, 0, 0, 0, 0, 0, 0, 0, 0, 0, 0, 0, 0, 0, 0, 0, 0, 0, 0, 0, 0, 0, 0, 0, 0, 0, 0, 0, 0
72, 0, 0, 0, 0, 0.403271, 1.24528, 2.61932, 3.95468, 5.47715, 6.58122, 7.74801, 8.84381, 9.39638, 10.1961, 10.4831, 11.0042, 11.0952, 11.3201, 11.3757, 11.3752, 11.4842, 11.5437, 11.4423, 11.4885, 11.5005, 11.4569, 11.3489, 11.2699, 11.3396, 0, 0, 0, 0, 0, 0, 0, 0, 0, 0, 0, 0, 0, 0, 0, 0, 0, 0, 0, 0, 0, 0, 0, 0, 0, 0, 0, 0, 0, 0, 0, 0, 0, 0, 0, 0, 0, 0, 0, 0, 0, 0, 0, 0, 0, 0, 0, 0, 0, 0, 0, 0, 0, 0, 0, 0, 0, 0, 0, 0, 0, 0, 0, 0, 0, 0, 0, 0, 0, 0, 0, 0
73, 0, 0, 0, 0, 0.392782, 1.16289, 2.51344, 3.90543, 5.22873, 6.57793, 7.63699, 8.67099, 9.31082, 9.93573, 10.3225, 10.6481, 10.9477, 11.0664, 11.2835, 11.3217, 11.4409, 11.4267, 11.3705, 11.3113, 11.2767, 11.234, 11.1877, 11.3465, 0, 0, 0, 0, 0, 0, 0, 0, 0, 0, 0, 0, 0, 0, 0, 0, 0, 0, 0, 0, 0, 0, 0, 0, 0, 0, 0, 0, 0, 0, 0, 0, 0, 0, 0, 0, 0, 0, 0, 0, 0, 0, 0, 0, 0, 0, 0, 0, 0, 0, 0, 0, 0, 0, 0, 0, 0, 0, 0, 0, 0, 0, 0, 0, 0, 0, 0, 0, 0, 0, 0, 0, 0
74, 0, 0, 0, 0, 0.378599, 1.27438, 2.46315, 3.86972, 5.2196, 6.51024, 7.54538, 8.63384, 9.18047, 9.95934, 10.236, 10.5699, 10.7652, 11.0753, 11.123, 11.2042, 11.2389, 11.2642, 11.1541, 11.1873, 11.2925, 11.0676, 11.1997, 0, 0, 0, 0, 0, 0, 0, 0, 0, 0, 0, 0, 0, 0, 0, 0, 0, 0, 0, 0, 0, 0, 0, 0, 0, 0, 0, 0, 0, 0, 0, 0, 0, 0, 0, 0, 0, 0, 0, 0, 0, 0, 0, 0, 0, 0, 0, 0, 0, 0, 0, 0, 0, 0, 0, 0, 0, 0, 0, 0, 0, 0, 0, 0, 0, 0, 0, 0, 0, 0, 0, 0, 0, 0
75, 0, 0, 0, 0, 0.409234, 1.27465, 2.46891, 3.89592, 5.15637, 6.47202, 7.61163, 8.62097, 9.06944, 9.76728, 10.2253, 10.5279, 10.6471, 10.9104, 10.8375, 11.1082, 10.949, 11.2075, 11.0322, 11.0782, 11.2352, 11.0954, 0, 0, 0, 0, 0, 0, 0, 0, 0, 0, 0, 0, 0, 0, 0, 0, 0, 0, 0, 0, 0, 0, 0, 0, 0, 0, 0, 0, 0, 0, 0, 0, 0, 0, 0, 0, 0, 0, 0, 0, 0, 0, 0, 0, 0, 0, 0, 0, 0, 0, 0, 0, 0, 0, 0, 0, 0, 0, 0, 0, 0, 0, 0, 0, 0, 0, 0, 0, 0, 0, 0, 0, 0, 0, 0
76, 0, 0, 0, 0, 0.37484, 1.26343, 2.48688, 3.91097, 5.13092, 6.40923, 7.63771, 8.35665, 8.9478, 9.59777, 10.0388, 10.3699, 10.7854, 10.8227, 10.7864, 10.8641, 10.8555, 11.0397, 10.9945, 10.8938, 10.8763, 0, 0, 0, 0, 0, 0, 0, 0, 0, 0, 0, 0, 0, 0, 0, 0, 0, 0, 0, 0, 0, 0, 0, 0, 0, 0, 0, 0, 0, 0, 0, 0, 0, 0, 0, 0, 0, 0, 0, 0, 0, 0, 0, 0, 0, 0, 0, 0, 0, 0, 0, 0, 0, 0, 0, 0, 0, 0, 0, 0, 0, 0, 0, 0, 0, 0, 0, 0, 0, 0, 0, 0, 0, 0, 0, 0
77, 0, 0, 0, 0, 0.455582, 1.24351, 2.35488, 3.81188, 5.1226, 6.24407, 7.38426, 8.2661, 9.03019, 9.47021, 9.90265, 10.1621, 10.4911, 10.5865, 10.7642, 10.7837, 10.8212, 10.6552, 10.8678, 10.7079, 0, 0, 0, 0, 0, 0, 0, 0, 0, 0, 0, 0, 0, 0, 0, 0, 0, 0, 0, 0, 0, 0, 0, 0, 0, 0, 0, 0, 0, 0, 0, 0, 0, 0, 0, 0, 0, 0, 0, 0, 0, 0, 0, 0, 0, 0, 0, 0, 0, 0, 0, 0, 0, 0, 0, 0, 0, 0, 0, 0, 0, 0, 0, 0, 0, 0, 0, 0, 0, 0, 0, 0, 0, 0, 0, 0, 0
78, 0, 0, 0, 0, 0.324023, 1.26197, 2.37743, 3.70762, 5.01645, 6.32418, 7.09007, 8.21923, 8.85323, 9.53278, 9.68166, 10.0392, 10.3102, 10.5792, 10.5075, 10.6096, 10.6824, 10.5605, 10.7025, 0, 0, 0, 0, 0, 0, 0, 0, 0, 0, 0, 0, 0, 0, 0, 0, 0, 0, 0, 0, 0, 0, 0, 0, 0, 0, 0, 0, 0, 0, 0, 0, 0, 0, 0, 0, 0, 0, 0, 0, 0, 0, 0, 0, 0, 0, 0, 0, 0, 0, 0, 0, 0, 0, 0, 0, 0, 0, 0, 0, 0, 0, 0, 0, 0, 0, 0, 0, 0, 0, 0, 0, 0, 0, 0, 0, 0, 0
79, 0, 0, 0, 0, 0.428184, 1.22584, 2.26359, 3.76775, 4.99637, 6.10078, 7.28438, 8.13978, 8.75325, 9.31241, 9.653, 9.98548, 10.1883, 10.2806, 10.3324, 10.4527, 10.3759, 10.3725, 0, 0, 0, 0, 0, 0, 0, 0, 0, 0, 0, 0, 0, 0, 0, 0, 0, 0, 0, 0, 0, 0, 0, 0, 0, 0, 0, 0, 0, 0, 0, 0, 0, 0, 0, 0, 0, 0, 0, 0, 0, 0, 0, 0, 0, 0, 0, 0, 0, 0, 0, 0, 0, 0, 0, 0, 0, 0, 0, 0, 0, 0, 0, 0, 0, 0, 0, 0, 0, 0, 0, 0, 0, 0, 0, 0, 0, 0, 0
80, 0, 0, 0, 0, 0.385746, 1.19246, 2.29519, 3.71725, 4.97815, 6.13169, 7.17195, 7.97534, 8.64121, 9.17371, 9.52825, 9.82426, 9.94959, 10.1287, 10.2379, 10.2027, 10.1933, 0, 0, 0, 0, 0, 0, 0, 0, 0, 0, 0, 0, 0, 0, 0, 0, 0, 0, 0, 0, 0, 0, 0, 0, 0, 0, 0, 0, 0, 0, 0, 0, 0, 0, 0, 0, 0, 0, 0, 0, 0, 0, 0, 0, 0, 0, 0, 0, 0, 0, 0, 0, 0, 0, 0, 0, 0, 0, 0, 0, 0, 0, 0, 0, 0, 0, 0, 0, 0, 0, 0, 0, 0, 0, 0, 0, 0, 0, 0, 0
81, 0, 0, 0, 0, 0.390236, 1.18728, 2.26403, 3.56711, 4.82355, 5.86337, 6.99747, 7.91932, 8.56657, 9.07193, 9.41063, 9.58896, 9.74634, 9.9153, 10.0297, 9.86961, 0, 0, 0, 0, 0, 0, 0, 0, 0, 0, 0, 0, 0, 0, 0, 0, 0, 0, 0, 0, 0, 0, 0, 0, 0, 0, 0, 0, 0, 0, 0, 0, 0, 0, 0, 0, 0, 0, 0, 0, 0, 0, 0, 0, 0, 0, 0, 0, 0, 0, 0, 0, 0, 0, 0, 0, 0, 0, 0, 0, 0, 0, 0, 0, 0, 0, 0, 0, 0, 0, 0, 0, 0, 0, 0, 0, 0, 0, 0, 0, 0
82, 0, 0, 0, 0, 0.376638, 1.16856, 2.32457, 3.55817, 4.97845, 5.899, 7.09801, 7.92154, 8.39324, 8.98545, 9.17567, 9.47205, 9.64856, 9.69772, 9.50599, 0, 0, 0, 0, 0, 0, 0, 0, 0, 0, 0, 0, 0, 0, 0, 0, 0, 0, 0, 0, 0, 0, 0, 0, 0, 0, 0, 0, 0, 0, 0, 0, 0, 0, 0, 0, 0, 0, 0, 0, 0, 0, 0, 0, 0, 0, 0, 0, 0, 0, 0, 0, 0, 0, 0, 0, 0, 0, 0, 0, 0, 0, 0, 0, 0, 0, 0, 0, 0, 0, 0, 0, 0, 0, 0, 0, 0, 0, 0, 0, 0, 0
83, 0, 0, 0, 0, 0.349297, 1.2275, 2.29537, 3.48099, 4.79355, 5.92092, 6.82745, 7.6146, 8.28827, 8.71362, 9.04894, 9.09938, 9.2309, 9.12537, 0, 0, 0, 0, 0, 0, 0, 0, 0, 0, 0, 0, 0, 0, 0, 0, 0, 0, 0, 0, 0, 0, 0, 0, 0, 0, 0, 0, 0, 0, 0, 0, 0, 0, 0, 0, 0, 0, 0, 0, 0, 0, 0, 0, 0, 0, 0, 0, 0, 0, 0, 0, 0, 0, 0, 0, 0, 0, 0, 0, 0, 0, 0, 0, 0, 0, 0, 0, 0, 0, 0, 0, 0, 0, 0, 0, 0, 0, 0, 0, 0, 0, 0
84, 0, 0, 0, 0, 0.393383, 1.148, 2.21693, 3.42514, 4.61126, 5.72813, 6.60984, 7.47952, 7.85972, 8.48035, 8.62873, 8.69513, 8.79038, 0, 0, 0, 0, 0, 0, 0, 0, 0, 0, 0, 0, 0, 0, 0, 0, 0, 0, 0, 0, 0, 0, 0, 0, 0, 0, 0, 0, 0, 0, 0, 0, 0, 0, 0, 0, 0, 0, 0, 0, 0, 0, 0, 0, 0, 0, 0, 0, 0, 0, 0, 0, 0, 0, 0, 0, 0, 0, 0, 0, 0, 0, 0, 0, 0, 0, 0, 0, 0, 0, 0, 0, 0, 0, 0, 0, 0, 0, 0, 0, 0, 0, 0, 0
85, 0, 0, 0, 0, 0.349094, 1.16741, 2.18649, 3.38917, 4.55619, 5.69462, 6.63012, 7.20849, 7.80114, 8.07536, 8.11955, 8.25345, 0, 0, 0, 0, 0, 0, 0, 0, 0, 0, 0, 0, 0, 0, 0, 0, 0, 0, 0, 0, 0, 0, 0, 0, 0, 0, 0, 0, 0, 0, 0, 0, 0, 0, 0, 0, 0, 0, 0, 0, 0, 0, 0, 0, 0, 0, 0, 0, 0, 0, 0, 0, 0, 0, 0, 0, 0, 0, 0, 0, 0, 0, 0, 0, 0, 0, 0, 0, 0, 0, 0, 0, 0, 0, 0, 0, 0, 0, 0, 0, 0, 0, 0, 0, 0
86, 0, 0, 0, 0, 0.367825, 1.09516, 2.17035, 3.35179, 4.57257, 5.55212, 6.44706, 6.99597, 7.39689, 7.67849, 7.49438, 0, 0, 0, 0, 0, 0, 0, 0, 0, 0, 0, 0, 0, 0, 0, 0, 0, 0, 0, 0, 0, 0, 0, 0, 0, 0, 0, 0, 0, 0, 0, 0, 0, 0, 0, 0, 0, 0, 0, 0, 0, 0, 0, 0, 0, 0, 0, 0, 0, 0, 0, 0, 0, 0, 0, 0, 0, 0, 0, 0, 0, 0, 0, 0, 0, 0, 0, 0, 0, 0, 0, 0, 0, 0, 0, 0, 0, 0, 0, 0, 0, 0, 0, 0, 0, 0
87, 0, 0, 0, 0, 0.34363, 1.1491, 2.16193, 3.32991, 4.42465, 5.40602, 6.06019, 6.57637, 6.94293, 6.86656, 0, 0, 0, 0, 0, 0, 0, 0, 0, 0, 0, 0, 0, 0, 0, 0, 0, 0, 0, 0, 0, 0, 0, 0, 0, 0, 0, 0, 0, 0, 0, 0, 0, 0, 0, 0, 0, 0, 0, 0, 0, 0, 0, 0, 0, 0, 0, 0, 0, 0, 0, 0, 0, 0, 0, 0, 0, 0, 0, 0, 0, 0, 0, 0, 0, 0, 0, 0, 0, 0, 0, 0, 0, 0, 0, 0, 0, 0, 0, 0, 0, 0, 0, 0, 0, 0, 0
88, 0, 0, 0, 0, 0.337782, 1.03431, 2.11577, 3.25968, 4.3341, 5.09539, 5.76634, 5.94027, 5.91817, 0, 0, 0, 0, 0, 0, 0, 0, 0, 0, 0, 0, 0, 0, 0, 0, 0, 0, 0, 0, 0, 0, 0, 0, 0, 0, 0, 0, 0, 0, 0, 0, 0, 0, 0, 0, 0, 0, 0, 0, 0, 0, 0, 0, 0, 0, 0, 0, 0, 0, 0, 0, 0, 0, 0, 0, 0, 0, 0, 0, 0, 0, 0, 0, 0, 0, 0, 0, 0, 0, 0, 0, 0, 0, 0, 0, 0, 0, 0, 0, 0, 0, 0, 0, 0, 0, 0, 0
89, 0, 0, 0, 0, 0.311239, 1.04593, 2.00579, 3.13412, 4.00929, 4.70591, 5.04327, 5.0456, 0, 0, 0, 0, 0, 0, 0, 0, 0, 0, 0, 0, 0, 0, 0, 0, 0, 0, 0, 0, 0, 0, 0, 0, 0, 0, 0, 0, 0, 0, 0, 0, 0, 0, 0, 0, 0, 0, 0, 0, 0, 0, 0, 0, 0, 0, 0, 0, 0, 0, 0, 0, 0, 0, 0, 0, 0, 0, 0, 0, 0, 0, 0, 0, 0, 0, 0, 0, 0, 0, 0, 0, 0, 0, 0, 0, 0, 0, 0, 0, 0, 0, 0, 0, 0, 0, 0, 0, 0
90, 0, 0, 0, 0, 0.338152, 1.00313, 1.89153, 2.908, 3.63198, 4.00391, 4.11313, 0, 0, 0, 0, 0, 0, 0, 0, 0, 0, 0, 0, 0, 0, 0, 0, 0, 0, 0, 0, 0, 0, 0, 0, 0, 0, 0, 0, 0, 0, 0, 0, 0, 0, 0, 0, 0, 0, 0, 0, 0, 0, 0, 0, 0, 0, 0, 0, 0, 0, 0, 0, 0, 0, 0, 0, 0, 0, 0, 0, 0, 0, 0, 0, 0, 0, 0, 0, 0, 0, 0, 0, 0, 0, 0, 0, 0, 0, 0, 0, 0, 0, 0, 0, 0, 0, 0, 0, 0, 0
91, 0, 0, 0, 0, 0.334344, 0.963907, 1.83962, 2.55585, 3.0472, 2.96984, 0, 0, 0, 0, 0, 0, 0, 0, 0, 0, 0, 0, 0, 0, 0, 0, 0, 0, 0, 0, 0, 0, 0, 0, 0, 0, 0, 0, 0, 0, 0, 0, 0, 0, 0, 0, 0, 0, 0, 0, 0, 0, 0, 0, 0, 0, 0, 0, 0, 0, 0, 0, 0, 0, 0, 0, 0, 0, 0, 0, 0, 0, 0, 0, 0, 0, 0, 0, 0, 0, 0, 0, 0, 0, 0, 0, 0, 0, 0, 0, 0, 0, 0, 0, 0, 0, 0, 0, 0, 0, 0
92, 0, 0, 0, 0, 0.233983, 0.901342, 1.50448, 1.93603, 1.99875, 0, 0, 0, 0, 0, 0, 0, 0, 0, 0, 0, 0, 0, 0, 0, 0, 0, 0, 0, 0, 0, 0, 0, 0, 0, 0, 0, 0, 0, 0, 0, 0, 0, 0, 0, 0, 0, 0, 0, 0, 0, 0, 0, 0, 0, 0, 0, 0, 0, 0, 0, 0, 0, 0, 0, 0, 0, 0, 0, 0, 0, 0, 0, 0, 0, 0, 0, 0, 0, 0, 0, 0, 0, 0, 0, 0, 0, 0, 0, 0, 0, 0, 0, 0, 0, 0, 0, 0, 0, 0, 0, 0
93, 0, 0, 0, 0, 0.253337, 0.759802, 1.11975, 1.21141, 0, 0, 0, 0, 0, 0, 0, 0, 0, 0, 0, 0, 0, 0, 0, 0, 0, 0, 0, 0, 0, 0, 0, 0, 0, 0, 0, 0, 0, 0, 0, 0, 0, 0, 0, 0, 0, 0, 0, 0, 0, 0, 0, 0, 0, 0, 0, 0, 0, 0, 0, 0, 0, 0, 0, 0, 0, 0, 0, 0, 0, 0, 0, 0, 0, 0, 0, 0, 0, 0, 0, 0, 0, 0, 0, 0, 0, 0, 0, 0, 0, 0, 0, 0, 0, 0, 0, 0, 0, 0, 0, 0, 0
94, 0, 0, 0, 0, 0.222521, 0.494806, 0.543505, 0, 0, 0, 0, 0, 0, 0, 0, 0, 0, 0, 0, 0, 0, 0, 0, 0, 0, 0, 0, 0, 0, 0, 0, 0, 0, 0, 0, 0, 0, 0, 0, 0, 0, 0, 0, 0, 0, 0, 0, 0, 0, 0, 0, 0, 0, 0, 0, 0, 0, 0, 0, 0, 0, 0, 0, 0, 0, 0, 0, 0, 0, 0, 0, 0, 0, 0, 0, 0, 0, 0, 0, 0, 0, 0, 0, 0, 0, 0, 0, 0, 0, 0, 0, 0, 0, 0, 0, 0, 0, 0, 0, 0, 0
95, 0, 0, 0, 0, 0.165354, 0.131572, 0, 0, 0, 0, 0, 0, 0, 0, 0, 0, 0, 0, 0, 0, 0, 0, 0, 0, 0, 0, 0, 0, 0, 0, 0, 0, 0, 0, 0, 0, 0, 0, 0, 0, 0, 0, 0, 0, 0, 0, 0, 0, 0, 0, 0, 0, 0, 0, 0, 0, 0, 0, 0, 0, 0, 0, 0, 0, 0, 0, 0, 0, 0, 0, 0, 0, 0, 0, 0, 0, 0, 0, 0, 0, 0, 0, 0, 0, 0, 0, 0, 0, 0, 0, 0, 0, 0, 0, 0, 0, 0, 0, 0, 0, 0
96, 0, 0, 0, 0, 0, 0, 0, 0, 0, 0, 0, 0, 0, 0, 0, 0, 0, 0, 0, 0, 0, 0, 0, 0, 0, 0, 0, 0, 0, 0, 0, 0, 0, 0, 0, 0, 0, 0, 0, 0, 0, 0, 0, 0, 0, 0, 0, 0, 0, 0, 0, 0, 0, 0, 0, 0, 0, 0, 0, 0, 0, 0, 0, 0, 0, 0, 0, 0, 0, 0, 0, 0, 0, 0, 0, 0, 0, 0, 0, 0, 0, 0, 0, 0, 0, 0, 0, 0, 0, 0, 0, 0, 0, 0, 0, 0, 0, 0, 0, 0, 0
97, 0, 0, 0, 0, 0, 0, 0, 0, 0, 0, 0, 0, 0, 0, 0, 0, 0, 0, 0, 0, 0, 0, 0, 0, 0, 0, 0, 0, 0, 0, 0, 0, 0, 0, 0, 0, 0, 0, 0, 0, 0, 0, 0, 0, 0, 0, 0, 0, 0, 0, 0, 0, 0, 0, 0, 0, 0, 0, 0, 0, 0, 0, 0, 0, 0, 0, 0, 0, 0, 0, 0, 0, 0, 0, 0, 0, 0, 0, 0, 0, 0, 0, 0, 0, 0, 0, 0, 0, 0, 0, 0, 0, 0, 0, 0, 0, 0, 0, 0, 0, 0
98, 0, 0, 0, 0, 0, 0, 0, 0, 0, 0, 0, 0, 0, 0, 0, 0, 0, 0, 0, 0, 0, 0, 0, 0, 0, 0, 0, 0, 0, 0, 0, 0, 0, 0, 0, 0, 0, 0, 0, 0, 0, 0, 0, 0, 0, 0, 0, 0, 0, 0, 0, 0, 0, 0, 0, 0, 0, 0, 0, 0, 0, 0, 0, 0, 0, 0, 0, 0, 0, 0, 0, 0, 0, 0, 0, 0, 0, 0, 0, 0, 0, 0, 0, 0, 0, 0, 0, 0, 0, 0, 0, 0, 0, 0, 0, 0, 0, 0, 0, 0, 0
99, 0, 0, 0, 0, 0, 0, 0, 0, 0, 0, 0, 0, 0, 0, 0, 0, 0, 0, 0, 0, 0, 0, 0, 0, 0, 0, 0, 0, 0, 0, 0, 0, 0, 0, 0, 0, 0, 0, 0, 0, 0, 0, 0, 0, 0, 0, 0, 0, 0, 0, 0, 0, 0, 0, 0, 0, 0, 0, 0, 0, 0, 0, 0, 0, 0, 0, 0, 0, 0, 0, 0, 0, 0, 0, 0, 0, 0, 0, 0, 0, 0, 0, 0, 0, 0, 0, 0, 0, 0, 0, 0, 0, 0, 0, 0, 0, 0, 0, 0, 0, 0
100, 0, 0, 0, 0, 0, 0, 0, 0, 0, 0, 0, 0, 0, 0, 0, 0, 0, 0, 0, 0, 0, 0, 0, 0, 0, 0, 0, 0, 0, 0, 0, 0, 0, 0, 0, 0, 0, 0, 0, 0, 0, 0, 0, 0, 0, 0, 0, 0, 0, 0, 0, 0, 0, 0, 0, 0, 0, 0, 0, 0, 0, 0, 0, 0, 0, 0, 0, 0, 0, 0, 0, 0, 0, 0, 0, 0, 0, 0, 0, 0, 0, 0, 0, 0, 0, 0, 0, 0, 0, 0, 0, 0, 0, 0, 0, 0, 0, 0, 0, 0, 0
